gender,SeniorCitizen,Partner,Dependents,PhoneService,MultipleLines,InternetService,OnlineSecurity,DeviceProtection,TechSupport,StreamingTV,StreamingMovies,PaperlessBilling,PaymentMethod,Contract,TotalCharges,tenure,MonthlyCharges,ChurnPrediction
0,0,1,0,0,3,2,0,0,0,0,0,1,1,0,24.8,1,24.8,1
1,0,0,0,1,1,0,2,2,2,2,2,1,3,0,996.45,41,25.25,0
0,0,1,1,1,0,0,2,2,2,2,2,0,2,2,1031.7,52,19.35,0
0,0,0,0,1,0,1,0,1,0,0,0,0,1,0,76.35,1,76.35,1
1,0,0,0,1,0,2,0,0,1,0,0,0,3,2,3260.1,67,50.55,0
0,1,1,0,1,1,1,0,0,0,0,1,1,3,0,6127.6,68,89.6,0
0,0,1,1,1,1,2,1,1,1,1,0,1,3,2,1759.4,23,77.15,0
1,0,1,1,1,1,2,1,1,1,0,0,0,4,2,5016.65,72,72.1,0
1,0,0,0,1,1,1,1,0,1,1,1,1,4,2,7250.15,70,104.0,0
1,0,0,0,1,0,0,2,2,2,2,2,0,2,0,19.4,1,19.4,0
1,0,0,0,1,0,0,2,2,2,2,2,0,2,0,20.45,1,20.45,0
1,0,1,1,1,0,1,0,1,0,1,0,1,2,0,2909.95,34,84.05,0
1,1,1,1,1,1,2,0,0,0,0,0,1,1,1,1381.8,28,51.0,0
0,1,0,0,1,1,1,0,0,1,0,0,1,1,0,1505.85,18,85.45,1
0,0,1,0,1,0,0,2,2,2,2,2,0,4,0,330.8,15,20.45,0
0,1,0,0,1,1,1,0,0,0,1,1,1,3,0,997.65,11,95.15,1
1,0,0,0,1,1,2,0,1,0,0,0,0,1,0,608.0,11,53.75,0
1,0,1,1,1,0,1,0,0,0,0,0,1,1,0,70.0,1,70.0,1
0,0,1,1,1,1,1,0,0,0,1,0,1,1,0,3340.55,37,88.8,0
1,0,0,1,1,0,1,0,1,0,1,0,1,1,0,2001.5,22,89.4,1
0,0,0,0,1,0,1,0,0,0,0,0,1,1,0,70.25,1,70.25,1
0,0,1,1,1,0,0,2,2,2,2,2,0,1,0,19.45,1,19.45,0
1,0,1,1,1,1,1,0,0,0,0,0,1,3,0,3769.7,46,80.0,0
0,0,0,0,1,1,1,1,1,0,1,1,0,3,1,5680.9,51,107.45,0
0,0,1,0,1,0,1,1,1,0,1,1,1,3,1,4162.05,41,104.45,0
0,0,1,0,1,1,2,0,1,1,1,0,0,3,0,350.3,5,67.95,0
0,0,0,0,1,1,1,0,0,0,1,0,1,4,0,4016.85,45,89.3,0
1,0,1,1,1,0,2,1,0,0,0,1,1,2,0,1834.15,29,60.2,0
0,1,0,0,1,0,1,0,0,0,1,1,1,1,0,1400.3,15,91.5,1
1,0,0,0,0,3,2,1,1,1,1,1,1,3,2,4464.8,72,63.7,0
1,0,1,0,1,1,1,1,1,0,1,1,1,1,1,5231.3,50,103.95,0
1,0,0,1,1,0,0,2,2,2,2,2,0,2,2,581.85,27,20.6,0
1,0,1,0,1,1,2,0,1,1,1,1,1,3,2,6316.2,72,85.15,0
0,0,1,1,1,0,2,1,0,1,0,1,1,4,1,3562.5,51,69.75,0
0,0,1,0,1,1,1,1,0,0,0,1,1,4,0,5475.9,60,94.1,0
1,0,0,0,1,0,0,2,2,2,2,2,0,4,2,369.05,17,19.45,0
0,0,0,0,1,0,0,2,2,2,2,2,1,3,2,1419.4,72,21.15,0
0,0,1,0,1,1,1,0,1,0,1,1,1,1,0,3409.6,33,104.4,1
0,1,1,1,1,1,1,0,1,0,1,1,1,1,1,6891.45,66,104.9,0
0,0,1,1,1,1,1,0,1,0,1,1,1,1,0,7446.9,69,103.95,0
1,0,0,0,1,0,1,0,0,0,0,0,1,1,0,324.6,5,69.75,1
0,0,1,0,1,1,1,0,1,0,1,1,1,4,1,5985.0,57,100.75,0
0,1,0,0,1,1,1,0,0,0,0,0,1,1,0,606.25,8,75.75,1
0,0,0,0,1,0,2,0,0,0,0,0,0,4,1,727.85,14,51.45,0
1,0,0,0,1,1,1,0,0,0,1,1,1,3,0,2362.1,25,94.7,1
0,0,1,1,1,0,0,2,2,2,2,2,0,4,1,1012.4,52,19.6,0
0,1,0,0,1,0,1,1,0,0,0,0,0,3,0,503.6,7,76.45,0
1,0,0,0,1,0,1,0,1,0,0,0,1,1,0,973.45,13,79.8,1
0,1,0,0,1,1,1,0,0,0,0,1,0,1,0,1424.95,15,89.85,1
1,0,0,0,1,0,2,0,0,1,0,0,1,4,1,1193.05,22,55.15,0
0,0,0,0,1,0,0,2,2,2,2,2,0,2,0,367.55,19,19.9,0
1,0,1,1,0,3,2,0,0,1,0,0,1,3,0,678.75,23,30.35,0
0,0,1,0,1,1,1,1,1,1,1,1,1,3,2,8182.75,72,113.65,0
1,1,1,0,1,1,1,0,0,0,1,1,0,3,2,6929.4,72,98.35,0
0,0,1,1,1,1,1,0,0,1,0,1,1,3,0,5580.8,59,96.65,0
0,0,1,1,1,0,2,1,0,1,1,1,0,4,2,5437.75,70,75.35,0
1,0,1,1,1,0,1,1,1,1,1,0,1,4,2,6994.8,70,101.1,0
1,0,1,1,1,0,1,0,1,1,1,1,0,1,0,970.45,9,103.1,1
0,0,0,0,1,1,0,2,2,2,2,2,0,2,0,86.35,3,24.6,0
1,1,0,0,1,0,1,0,1,0,1,1,1,1,0,1752.45,17,101.8,1
0,0,1,1,1,0,1,0,0,0,0,0,1,3,1,1992.2,28,70.4,0
0,0,0,0,1,0,2,0,1,1,0,0,0,1,0,583.0,10,54.25,0
1,0,1,1,1,0,0,2,2,2,2,2,0,3,0,267.35,11,20.95,0
1,1,1,0,1,1,1,1,1,0,0,1,1,4,2,7550.3,72,102.65,0
1,0,0,0,1,0,1,0,0,0,0,0,1,2,0,551.35,8,70.1,1
1,1,0,0,1,0,0,2,2,2,2,2,0,4,2,1356.3,69,20.3,0
0,0,1,1,1,0,0,2,2,2,2,2,1,3,2,854.8,39,19.85,0
1,0,1,1,0,3,2,1,0,0,1,1,0,4,2,3281.65,67,50.9,0
1,0,0,0,1,0,0,2,2,2,2,2,0,2,1,791.15,39,19.9,0
1,0,1,1,1,1,2,1,0,1,0,0,1,4,2,3566.7,54,65.65,0
0,0,0,0,1,1,1,0,0,0,0,0,1,1,0,74.5,1,74.5,1
0,0,1,1,0,3,2,0,1,1,1,1,1,1,2,4264.0,72,60.0,0
1,0,0,0,1,1,1,1,0,0,1,1,0,1,0,1008.55,10,98.55,1
1,0,1,1,1,0,1,0,1,0,1,1,1,2,0,1162.85,13,96.65,1
0,0,0,0,1,0,1,0,1,1,1,1,1,1,1,3532.0,35,99.25,0
1,0,1,1,0,3,2,0,0,1,0,0,0,2,0,432.25,12,35.5,0
1,0,1,0,1,1,1,1,0,1,0,0,1,4,0,2929.75,31,90.55,0
0,0,1,1,1,0,1,0,1,1,1,1,1,3,0,5935.1,53,108.25,0
1,0,0,0,1,0,0,2,2,2,2,2,1,2,0,19.5,1,19.5,0
1,0,0,0,1,0,0,2,2,2,2,2,0,2,1,625.05,30,19.7,0
0,0,0,0,1,0,1,0,1,0,0,0,1,4,0,3548.3,46,74.8,0
0,0,1,0,1,1,1,0,1,0,0,1,0,2,0,1761.05,19,89.65,1
0,0,1,0,1,0,2,0,1,1,0,0,0,1,0,1221.55,23,54.25,0
0,1,0,0,1,1,2,0,0,1,0,0,0,4,0,757.1,15,55.0,0
1,0,0,0,1,0,0,2,2,2,2,2,0,4,2,982.95,48,20.15,0
1,0,0,1,1,0,1,0,0,0,1,1,1,1,0,2448.75,25,95.9,1
1,0,0,0,1,0,1,0,1,1,1,1,1,3,1,5426.85,52,105.0,0
1,0,0,0,1,0,1,1,1,0,0,0,0,3,0,858.6,12,81.7,0
0,0,0,0,1,1,0,2,2,2,2,2,0,3,1,1203.95,48,24.55,0
0,0,0,0,1,0,0,2,2,2,2,2,0,2,2,741.5,38,20.05,0
0,0,0,0,0,3,2,0,1,1,0,0,1,1,0,607.3,18,35.2,0
0,0,1,0,1,0,2,0,1,0,0,0,1,4,0,2221.55,45,50.25,0
1,0,0,0,1,1,1,0,1,0,1,0,1,1,0,1021.75,12,89.55,1
0,1,0,0,1,1,1,1,0,0,1,1,1,3,2,6471.85,66,102.4,0
0,0,0,0,1,0,0,2,2,2,2,2,0,4,2,1566.9,72,20.25,0
0,0,0,0,0,3,2,1,1,1,0,0,1,3,2,3058.15,70,44.6,0
0,0,1,0,1,1,1,0,1,0,0,1,0,3,0,2423.4,27,90.15,0
1,0,0,0,1,0,0,2,2,2,2,2,0,2,0,20.0,1,20.0,0
1,1,1,0,1,1,1,0,0,0,1,1,1,1,0,1233.65,13,95.25,1
0,0,1,1,1,1,2,1,1,1,1,1,1,2,2,5957.9,65,90.45,0
0,0,1,1,1,0,1,0,0,0,0,0,0,1,0,1046.5,14,70.2,0
0,0,1,1,1,1,1,0,0,0,0,1,1,1,0,1451.6,17,85.45,1
0,0,0,0,1,0,0,2,2,2,2,2,0,2,1,683.25,31,20.95,0
1,0,1,1,1,1,0,2,2,2,2,2,0,2,2,609.05,24,24.2,0
0,0,0,0,1,0,0,2,2,2,2,2,0,1,0,65.95,3,20.2,0
1,0,0,0,1,0,1,0,1,0,0,0,1,1,0,1313.55,17,76.65,1
1,0,0,0,1,1,2,1,1,1,0,0,0,3,2,4447.55,66,68.75,0
1,0,1,0,1,0,2,1,1,0,0,0,0,4,2,2296.25,45,53.3,0
1,0,1,0,1,1,1,0,0,1,1,0,1,4,0,3236.35,35,91.5,0
1,0,0,1,0,3,2,1,0,1,0,0,0,2,1,1564.05,40,40.25,0
0,0,0,0,1,0,1,1,0,0,1,0,1,2,0,832.05,10,84.7,1
0,0,1,0,1,0,2,1,1,0,1,0,1,2,1,3410.6,52,64.3,0
0,0,0,0,1,0,0,2,2,2,2,2,0,4,0,232.1,13,19.45,0
0,1,0,0,1,1,1,0,0,0,1,0,1,1,0,3838.75,43,90.25,1
0,0,0,0,1,0,0,2,2,2,2,2,0,1,0,775.6,41,20.45,0
0,1,0,0,0,3,2,0,1,1,1,0,1,1,0,2566.3,52,50.5,0
0,0,1,0,1,1,2,1,1,1,1,1,0,4,2,6506.15,71,93.2,0
1,0,0,0,1,1,1,1,1,0,1,1,1,1,0,6300.15,61,106.45,0
0,0,0,0,0,3,2,0,1,1,1,0,1,4,0,1183.8,26,44.45,0
1,0,1,1,1,0,2,1,0,1,1,0,0,3,2,4855.35,72,68.4,0
0,0,0,0,1,1,2,0,1,1,1,1,1,4,2,3373.4,42,78.45,0
0,0,1,1,1,1,2,1,0,1,0,0,0,3,0,3687.85,57,65.2,0
1,0,1,1,1,0,0,2,2,2,2,2,0,2,2,197.4,9,19.6,0
0,0,0,0,1,0,1,0,0,0,0,0,0,1,0,672.55,9,71.0,1
1,0,1,0,1,0,2,0,0,0,0,0,1,4,0,1462.6,33,44.55,0
1,0,0,0,1,0,0,2,2,2,2,2,0,2,0,19.45,1,19.45,0
0,0,0,0,1,0,1,0,0,0,1,0,1,1,0,522.95,7,79.0,1
1,0,0,0,1,0,1,0,0,0,0,0,1,2,0,71.55,1,71.55,1
1,0,1,1,1,0,0,2,2,2,2,2,0,2,2,1292.6,65,19.9,0
1,0,0,0,1,1,1,0,0,0,1,0,1,3,0,834.1,10,86.05,1
1,0,1,0,1,1,1,0,1,0,1,0,1,3,1,6602.9,70,95.0,0
0,0,0,0,1,1,1,0,1,0,1,1,1,4,0,2933.2,29,98.6,1
1,0,1,1,1,1,1,0,1,0,1,1,0,1,0,2157.95,21,104.4,1
1,0,1,0,1,0,1,0,0,0,1,1,1,1,0,90.75,1,90.75,1
1,0,0,0,1,0,0,2,2,2,2,2,0,2,0,109.8,5,20.25,0
1,0,1,0,1,0,1,0,0,0,1,1,0,2,0,4952.95,56,89.7,0
1,0,0,1,1,0,1,0,1,0,1,0,1,1,1,3030.6,35,85.15,0
1,0,1,1,1,0,0,2,2,2,2,2,0,2,1,242.4,10,20.45,0
0,0,0,0,0,3,2,1,0,1,0,1,1,3,2,1520.1,31,49.85,0
1,1,1,0,1,1,1,0,0,0,1,0,1,1,0,3171.15,37,85.7,1
1,1,1,0,1,1,1,0,1,0,0,1,1,3,0,5427.05,57,95.25,0
0,0,1,1,1,1,0,2,2,2,2,2,1,4,1,917.15,34,25.6,0
0,0,0,0,1,0,1,1,1,0,1,1,1,4,0,287.4,3,99.0,1
0,0,0,0,1,0,1,0,1,0,0,1,1,4,0,319.6,4,82.85,1
0,0,0,0,1,0,0,2,2,2,2,2,1,2,2,1035.7,54,20.5,0
1,0,0,1,1,0,0,2,2,2,2,2,0,2,0,111.65,6,19.7,0
1,0,1,0,1,0,2,1,0,0,1,0,1,3,1,1374.35,22,59.75,0
1,0,0,0,1,1,1,0,1,1,1,0,1,4,0,2085.45,23,96.9,0
0,0,1,0,1,1,2,1,0,1,0,0,0,3,1,3975.7,68,58.25,0
0,0,1,1,1,0,0,2,2,2,2,2,0,2,2,935.9,48,20.0,0
1,0,1,1,1,0,0,2,2,2,2,2,0,2,0,635.9,34,20.8,0
0,0,0,0,1,0,2,1,1,1,1,1,1,3,1,3320.75,41,79.85,0
1,0,0,0,1,1,1,0,0,0,0,0,1,1,0,724.65,9,75.85,1
0,1,0,0,1,1,1,0,0,1,1,1,1,4,0,1806.35,18,103.6,1
1,0,0,0,1,1,1,0,1,1,1,0,0,1,0,3418.2,35,95.5,0
1,0,1,1,1,0,1,0,0,1,0,0,0,1,0,4238.45,55,79.4,0
1,0,0,0,1,1,1,1,0,1,1,1,1,4,2,5760.65,54,108.0,0
0,1,0,0,1,1,1,0,1,0,0,0,1,1,0,149.55,2,78.55,1
1,0,1,0,1,0,1,1,1,1,1,1,1,1,2,5487.0,52,106.3,0
1,0,0,0,1,1,2,1,1,1,0,0,0,3,2,4908.25,72,69.65,0
1,0,1,0,1,0,2,0,1,0,1,1,1,2,0,564.4,9,70.05,0
0,0,1,1,1,0,1,0,0,0,0,0,1,1,0,200.2,3,69.55,1
1,1,0,0,1,0,1,1,0,0,0,0,0,1,0,273.4,4,75.35,1
1,0,1,1,1,0,2,1,1,1,1,0,1,3,2,5388.15,69,75.75,0
0,0,1,1,0,3,2,1,0,1,0,0,0,4,2,2545.7,67,35.7,0
1,0,0,0,1,0,1,0,0,0,0,1,1,1,0,324.3,4,79.9,1
1,0,0,0,0,3,2,1,0,1,1,0,1,4,0,597.0,13,45.55,0
0,0,1,1,1,0,2,1,1,1,1,1,1,2,2,3533.6,45,81.0,0
1,0,0,0,1,1,1,1,1,0,1,0,0,3,1,7110.75,68,101.35,0
0,0,1,1,1,1,2,1,0,1,1,0,0,4,1,4885.85,69,73.7,0
0,0,0,0,0,3,2,1,1,1,1,1,1,3,2,4214.25,70,58.35,0
0,0,0,0,1,0,0,2,2,2,2,2,1,2,0,19.9,1,19.9,0
0,0,1,1,1,1,0,2,2,2,2,2,1,4,1,1216.6,45,25.9,0
0,0,0,1,1,0,0,2,2,2,2,2,0,3,1,755.4,37,20.3,0
0,0,0,1,0,3,2,1,0,1,0,0,0,2,1,411.45,10,40.25,0
0,0,0,1,1,0,1,0,0,0,1,1,1,1,0,89.35,1,89.35,1
1,0,1,1,1,1,2,1,0,1,1,0,0,3,1,1958.45,29,69.05,0
1,1,1,1,1,0,1,1,1,1,1,1,1,4,2,7447.7,72,104.1,0
0,0,0,0,1,1,1,0,0,0,0,0,1,1,0,143.35,2,75.9,1
1,0,1,0,1,0,2,1,0,1,0,0,0,2,0,1315.35,24,53.6,0
0,0,0,0,1,0,1,0,0,0,0,1,1,1,0,317.25,4,79.15,1
1,0,1,0,1,0,0,2,2,2,2,2,0,4,2,1304.8,72,19.3,0
0,0,0,0,1,1,1,1,0,0,0,0,1,3,0,929.3,11,79.0,1
0,0,0,1,1,0,0,2,2,2,2,2,0,2,2,868.1,44,19.9,0
1,0,1,1,1,0,0,2,2,2,2,2,0,3,2,1297.35,62,20.45,0
1,0,1,1,1,1,0,2,2,2,2,2,0,2,2,1782.05,70,25.4,0
0,1,0,0,0,3,2,0,0,0,0,0,0,2,0,25.05,1,25.05,1
0,0,0,0,1,0,1,0,1,1,1,1,1,1,1,443.9,4,105.65,1
0,1,0,0,1,1,1,0,0,0,1,0,1,1,0,187.45,2,85.55,1
0,0,0,0,1,1,2,0,0,0,0,0,1,4,1,2364.0,41,56.3,0
0,1,0,0,1,0,0,2,2,2,2,2,1,1,0,19.45,1,19.45,0
1,1,1,0,1,1,2,1,1,0,1,1,1,4,2,5981.65,72,84.1,0
0,0,1,0,1,1,1,0,1,1,1,1,1,3,2,6841.4,63,109.25,0
1,0,0,0,1,0,1,0,1,0,0,0,0,4,1,5461.45,68,79.6,0
0,1,0,0,1,1,1,0,1,0,1,1,1,1,1,5890.0,59,99.5,0
1,1,0,0,0,3,2,1,0,0,1,1,1,4,0,2555.05,52,48.8,0
1,1,1,1,1,1,1,0,1,0,1,1,0,1,0,2710.25,26,105.75,1
1,0,1,0,0,3,2,1,1,1,1,0,1,3,2,3789.2,66,56.6,0
0,1,1,0,1,1,1,1,1,1,0,0,0,1,1,5471.75,56,95.65,0
0,0,1,0,1,1,2,1,1,1,1,0,0,4,2,5401.9,72,79.2,0
1,1,1,0,1,0,1,0,0,0,0,0,0,1,0,141.65,2,70.1,1
1,0,0,0,1,1,1,1,1,1,1,1,1,4,1,8035.95,68,117.2,0
1,0,1,1,1,0,2,1,1,1,1,1,0,3,1,5264.5,61,84.9,0
1,0,0,0,1,0,0,2,2,2,2,2,0,2,0,20.05,1,20.05,0
1,0,0,0,1,0,0,2,2,2,2,2,1,4,0,33.7,2,19.9,0
0,0,0,0,1,0,0,2,2,2,2,2,0,2,0,31.55,2,19.5,0
1,1,1,1,1,1,1,0,1,0,0,0,1,1,0,5683.6,68,84.65,0
1,0,0,0,1,0,2,1,1,1,0,1,1,3,0,576.95,9,68.25,0
1,0,0,0,1,0,1,0,1,0,1,0,1,1,0,1060.6,13,83.2,1
0,0,0,0,1,0,0,2,2,2,2,2,1,2,0,470.2,22,20.05,0
1,0,0,1,1,1,0,2,2,2,2,2,1,4,2,1673.8,66,25.3,0
1,0,0,1,1,0,0,2,2,2,2,2,0,2,0,178.7,8,20.35,0
1,0,1,1,1,0,1,0,0,0,0,0,0,2,0,143.9,2,69.95,0
1,0,1,0,1,0,2,0,1,1,0,0,1,2,0,154.55,3,55.8,0
1,0,0,0,1,1,1,0,1,0,1,0,1,1,0,452.7,5,92.5,1
1,0,0,0,1,0,0,2,2,2,2,2,0,4,2,268.45,13,20.0,0
1,0,1,1,1,0,2,0,0,1,1,0,0,4,0,3363.8,53,65.0,0
1,0,1,0,1,0,0,2,2,2,2,2,0,3,0,49.65,3,20.0,0
1,0,0,0,1,1,1,0,1,0,1,0,1,4,1,4422.95,46,94.9,0
0,0,0,0,0,3,2,1,0,1,0,0,1,3,1,1630.4,39,40.3,0
0,0,1,1,1,1,1,0,1,1,1,1,1,1,0,3242.5,30,107.5,1
0,0,0,0,1,1,1,0,0,0,1,1,1,4,0,2249.1,23,98.7,1
1,0,0,1,1,0,0,2,2,2,2,2,1,3,1,854.9,40,20.4,0
0,0,0,0,1,0,2,1,0,1,0,0,1,4,1,2796.45,45,62.55,0
1,0,0,0,1,0,0,2,2,2,2,2,0,3,2,978.0,53,19.65,0
0,1,1,0,1,1,1,1,1,0,1,1,1,1,2,8046.85,72,112.4,0
1,0,1,1,1,0,0,2,2,2,2,2,1,4,2,487.95,28,20.3,0
0,0,0,0,1,0,2,1,1,1,0,0,0,3,2,3306.85,49,67.4,0
1,0,1,0,1,1,1,0,0,0,0,0,1,3,0,74.6,1,74.6,1
0,0,1,0,1,0,1,0,1,1,0,0,1,2,0,1683.7,20,81.0,0
0,0,1,1,1,0,2,0,1,0,0,1,0,4,1,3297.0,53,60.6,0
1,0,1,0,1,0,2,1,0,1,0,1,1,4,2,4671.65,67,69.2,0
1,0,0,0,1,0,1,0,0,1,0,0,1,1,0,926.25,11,73.85,1
0,0,1,1,1,0,1,0,1,1,0,0,0,3,0,4433.3,52,85.8,0
0,0,0,0,1,0,1,0,0,0,1,1,0,1,0,90.55,1,90.55,1
0,0,0,0,1,0,2,1,0,0,0,0,0,4,2,2627.35,48,55.5,0
0,0,0,0,1,1,1,0,0,0,0,0,0,2,0,480.75,7,75.45,1
1,0,1,1,1,0,2,1,1,1,0,1,1,4,0,515.75,7,71.35,0
0,0,0,1,1,1,1,0,0,0,1,0,1,1,0,966.55,12,84.05,1
1,0,0,0,1,1,0,2,2,2,2,2,1,2,2,973.95,40,24.6,0
1,0,0,0,1,1,2,0,1,0,1,1,1,3,2,4323.35,55,77.8,0
0,0,0,0,1,0,0,2,2,2,2,2,0,2,1,403.15,20,19.5,0
1,0,0,0,0,3,2,0,0,0,0,1,1,1,0,35.55,1,35.55,1
0,0,1,1,1,1,2,1,1,1,1,1,1,3,2,5986.55,72,84.2,0
1,0,1,0,1,0,1,1,1,1,1,1,1,4,2,6705.7,63,110.1,0
0,0,1,0,0,3,2,1,1,1,1,1,0,3,2,4504.9,70,64.55,0
0,0,0,0,1,0,2,0,1,1,0,1,0,2,0,504.05,8,64.1,0
0,0,0,0,1,0,2,0,0,0,0,0,1,1,0,45.65,1,45.65,0
1,0,0,0,1,0,0,2,2,2,2,2,0,2,2,284.35,16,19.75,0
0,0,0,1,0,3,2,0,0,0,0,0,0,1,0,321.05,11,25.2,0
1,0,0,0,1,0,1,0,0,0,0,0,0,1,0,815.5,11,74.95,0
0,0,0,1,1,1,1,0,0,0,1,0,1,3,0,3645.05,41,88.5,0
1,0,0,1,1,0,2,1,1,1,0,1,0,3,2,1054.8,14,76.1,0
0,0,0,0,1,1,2,0,1,1,1,1,0,4,2,5321.25,61,88.65,0
0,0,0,0,1,0,1,1,1,0,1,0,1,3,0,1871.15,20,89.4,0
0,0,0,0,1,1,1,0,1,0,1,1,1,1,0,5127.95,47,106.4,1
1,0,1,1,1,0,2,1,0,1,0,0,0,2,2,130.5,2,59.5,0
1,0,1,1,1,0,2,1,1,0,0,0,1,3,1,2511.3,41,60.3,0
0,0,1,0,1,1,0,2,2,2,2,2,1,3,2,1841.2,72,25.25,0
0,0,1,1,1,1,2,1,1,1,1,0,0,3,2,5714.2,72,80.2,0
0,0,0,0,1,0,1,1,1,0,1,0,1,4,1,4664.2,46,95.65,0
1,0,0,0,1,0,0,2,2,2,2,2,0,2,0,19.8,1,19.8,0
1,0,0,1,0,3,2,1,1,1,0,0,1,2,0,1242.45,29,45.0,0
0,0,0,0,1,1,1,0,1,0,1,1,1,1,0,3810.55,37,100.05,1
1,0,0,0,1,0,2,0,0,1,1,0,1,4,0,1093.2,19,61.55,0
0,0,1,1,1,0,2,0,1,0,1,1,0,4,1,3824.2,49,78.0,0
1,0,0,1,1,0,2,0,0,0,0,0,0,2,0,659.35,13,44.0,0
0,0,0,0,1,0,2,1,0,0,0,0,1,1,0,1049.05,22,49.8,0
0,1,0,0,1,0,1,1,0,1,0,1,1,2,1,5206.55,53,96.75,0
1,0,0,0,1,0,2,1,0,0,0,0,1,3,0,1210.4,24,49.55,0
0,0,0,0,1,0,0,2,2,2,2,2,0,2,2,813.3,37,19.8,0
1,0,1,1,1,0,2,0,1,0,0,0,1,2,0,324.25,6,55.3,0
0,0,0,0,1,1,1,1,0,0,0,0,1,2,0,604.7,7,79.65,1
0,0,1,1,1,0,0,2,2,2,2,2,0,3,1,229.6,12,19.8,0
0,0,1,0,1,1,0,2,2,2,2,2,0,3,2,1753.0,71,25.0,0
1,0,1,1,1,1,2,0,1,1,1,1,1,4,1,2083.1,26,82.0,0
0,0,1,0,1,0,2,0,0,0,0,0,0,2,0,323.45,6,45.65,0
1,0,0,0,1,1,1,1,0,1,0,0,0,3,0,2766.4,32,87.65,0
0,0,1,0,1,0,2,0,0,0,1,0,1,3,0,2723.4,47,58.6,0
0,0,1,1,1,0,0,2,2,2,2,2,0,2,2,697.7,31,21.0,0
0,0,1,1,1,0,1,1,1,1,0,0,1,3,0,4326.8,52,84.05,0
0,0,1,0,0,3,2,0,1,1,1,1,0,4,2,3603.45,60,60.8,0
0,0,1,0,1,0,2,0,1,0,0,1,1,1,1,3094.65,48,65.65,0
1,0,0,0,1,0,0,2,2,2,2,2,0,3,1,867.3,45,18.85,0
0,0,0,0,1,0,1,0,1,1,0,0,1,1,2,3201.55,39,80.45,0
0,1,0,0,1,1,1,0,0,0,1,0,1,1,0,85.7,1,85.7,1
1,0,0,0,1,0,1,0,0,0,0,0,1,1,0,69.6,1,69.6,1
0,0,0,0,1,1,1,1,0,0,0,0,1,1,0,434.5,6,79.05,1
1,0,0,0,1,1,1,0,0,0,0,0,1,1,0,684.85,9,76.25,1
1,0,1,1,1,1,1,1,1,1,1,1,1,4,2,8468.2,72,114.05,0
1,1,1,0,0,3,2,0,1,0,1,1,1,3,0,3765.05,71,52.3,0
1,0,1,1,1,0,0,2,2,2,2,2,1,3,2,1387.45,71,19.6,0
0,0,1,0,1,1,1,1,1,0,1,0,1,4,2,5948.7,64,94.6,0
0,0,1,1,1,0,0,2,2,2,2,2,1,3,0,543.8,28,19.55,0
0,0,1,1,1,1,1,1,1,1,1,1,1,4,2,8250.0,70,115.15,0
1,1,0,0,1,1,1,0,0,0,1,1,1,3,0,3759.05,39,95.65,1
0,0,1,1,1,0,0,2,2,2,2,2,0,1,0,321.4,16,20.4,0
1,1,1,0,1,1,1,0,1,1,1,1,1,1,1,7491.75,66,110.85,0
0,1,0,0,1,1,1,0,0,0,1,1,1,3,0,2025.1,21,95.4,1
0,0,0,0,1,1,1,0,1,0,0,0,1,3,0,3862.55,44,84.8,0
0,1,1,0,1,0,1,0,1,1,1,1,1,1,1,5437.1,54,99.1,0
1,0,0,0,1,0,2,1,1,0,0,0,0,1,0,245.15,4,56.75,0
0,1,1,0,1,0,1,1,1,1,1,1,1,3,2,6668.35,60,110.0,0
1,0,0,0,1,1,1,1,0,0,1,0,1,4,0,2349.8,26,92.4,0
0,0,1,1,1,1,2,1,1,0,1,1,0,4,2,1846.65,24,78.6,0
1,0,1,1,1,0,0,2,2,2,2,2,1,2,2,1110.35,53,19.4,0
0,0,1,1,1,0,0,2,2,2,2,2,0,4,2,958.15,46,19.4,0
0,0,1,1,1,0,1,0,0,0,1,1,0,3,1,4968.0,56,88.9,0
0,0,0,0,1,0,2,1,0,0,0,1,1,1,1,369.25,7,59.1,0
0,0,0,0,1,1,1,0,0,0,0,1,0,2,0,85.8,1,85.8,1
1,0,0,0,1,0,2,0,0,0,0,0,1,2,0,45.55,1,45.55,0
1,0,1,0,1,0,0,2,2,2,2,2,0,2,2,1258.15,60,19.95,0
1,0,1,0,1,0,0,2,2,2,2,2,1,4,1,1252.0,61,20.55,0
0,0,1,0,0,3,2,0,0,1,0,0,0,2,1,1445.3,42,33.55,0
1,0,0,0,1,0,0,2,2,2,2,2,0,4,2,470.0,27,19.85,0
0,0,1,1,1,1,1,0,0,0,1,0,1,3,0,754.65,9,85.35,1
0,0,1,0,1,0,0,2,2,2,2,2,0,3,2,1423.65,72,20.05,0
0,0,0,0,1,0,0,2,2,2,2,2,1,4,1,478.1,23,19.65,0
0,1,0,0,1,1,1,0,0,1,1,0,1,1,0,4504.55,47,95.05,0
0,1,1,0,1,0,0,2,2,2,2,2,1,2,2,1031.1,54,18.95,0
1,1,1,0,1,0,1,0,1,0,1,1,1,4,0,181.65,2,95.5,1
1,0,1,0,0,3,2,1,0,1,1,1,1,3,2,2193.2,38,60.0,0
0,1,1,0,1,1,1,0,1,0,1,1,0,1,0,4747.2,47,99.7,0
1,0,1,0,1,0,2,1,0,1,0,0,1,4,1,1292.2,22,56.25,0
1,0,1,0,1,1,1,0,1,0,1,0,1,1,0,171.45,2,91.45,1
0,0,1,1,1,1,1,1,0,0,0,0,0,3,2,5730.7,72,79.05,0
1,1,1,0,0,3,2,0,1,0,0,1,1,1,0,2651.2,58,45.3,0
1,0,1,1,1,1,1,0,1,0,0,0,1,4,2,5420.65,69,79.2,0
1,0,0,0,1,1,2,1,1,0,1,0,0,2,0,1199.4,18,69.5,0
0,0,1,1,1,0,0,2,2,2,2,2,0,4,0,1087.25,55,20.0,0
0,0,0,0,1,1,1,0,1,0,1,1,1,1,1,4674.4,46,101.1,0
1,0,0,0,1,0,0,2,2,2,2,2,1,2,0,86.05,5,19.25,0
0,0,0,0,0,3,2,1,0,0,0,0,1,1,0,137.85,4,33.65,1
1,1,0,0,1,0,1,0,0,0,1,1,1,1,0,477.7,5,89.5,1
0,0,1,1,1,0,2,1,1,0,0,0,0,3,1,3874.1,65,61.35,0
1,0,0,0,1,0,0,2,2,2,2,2,0,3,2,705.45,35,21.45,0
0,1,0,0,1,1,1,1,0,1,1,0,1,1,0,4385.05,45,97.05,0
0,0,0,0,1,0,0,2,2,2,2,2,0,1,0,57.4,2,19.9,0
0,0,1,1,1,0,1,0,0,0,0,1,1,1,0,1790.65,22,80.15,1
1,0,1,1,1,1,2,1,1,0,1,0,0,4,2,4858.7,70,68.95,0
0,0,1,1,1,0,2,1,0,1,0,1,0,3,0,1923.5,30,66.3,0
1,0,0,0,1,1,1,1,1,0,1,1,1,1,1,6521.9,61,107.75,0
0,0,0,0,1,0,0,2,2,2,2,2,0,2,1,617.35,29,20.35,0
1,0,1,0,1,1,1,0,1,0,1,1,1,1,0,6281.45,61,105.55,0
1,0,1,1,1,0,1,0,0,0,1,1,1,1,1,2178.6,25,90.4,0
1,0,1,0,1,1,1,0,1,1,1,1,1,3,1,7953.25,71,113.15,0
0,0,1,0,0,3,2,0,0,0,0,1,0,1,0,35.0,1,35.0,1
0,0,1,1,1,1,2,0,0,0,1,1,1,4,0,4300.45,62,70.45,0
1,0,1,0,1,0,1,1,0,0,0,0,1,2,0,4764.0,64,73.55,0
0,0,1,1,1,1,2,1,1,1,1,1,1,2,2,5817.45,64,90.6,0
1,1,1,0,1,1,1,0,0,0,0,1,1,1,0,2357.75,29,84.3,1
0,0,0,0,1,0,2,1,0,0,1,1,1,1,0,146.9,2,70.75,1
1,0,0,0,1,0,0,2,2,2,2,2,0,3,0,19.65,1,19.65,0
1,0,0,0,1,0,2,0,0,0,0,0,0,2,0,50.65,1,50.65,0
0,0,1,1,1,1,0,2,2,2,2,2,1,4,2,1171.3,45,24.65,0
1,0,0,0,1,1,1,1,1,1,1,1,1,3,1,7383.7,66,114.3,0
0,0,1,0,1,1,1,1,0,0,1,1,0,3,1,5763.3,54,106.55,0
0,0,1,1,1,0,2,0,1,1,1,1,1,3,2,5717.85,70,80.4,0
1,1,1,0,1,1,1,0,0,0,1,1,1,1,0,3473.4,37,92.5,1
1,1,0,0,1,0,1,0,0,0,1,0,1,1,0,260.9,3,79.9,1
1,0,0,1,1,0,2,0,0,1,0,0,1,3,0,1284.2,23,55.3,0
0,1,1,0,1,1,1,0,1,0,1,1,1,4,1,6029.0,60,100.5,0
0,0,0,0,0,3,2,0,1,1,0,0,1,2,0,1175.85,35,33.45,0
0,0,1,1,1,0,1,1,0,0,0,0,0,2,0,1972.35,27,74.4,0
0,0,1,1,0,3,2,1,1,1,0,1,1,2,2,1208.15,24,52.5,0
0,1,0,0,1,1,1,0,0,0,1,1,1,1,0,170.85,2,93.85,1
1,0,1,0,1,0,1,1,0,0,0,1,1,4,1,6056.15,67,90.6,0
1,0,0,0,1,0,2,1,0,0,0,0,1,1,0,92.45,2,47.8,0
0,0,0,0,1,0,0,2,2,2,2,2,0,2,0,20.4,1,20.4,0
0,0,0,1,1,0,1,0,0,0,1,0,1,1,0,79.35,1,79.35,1
0,0,0,0,1,1,2,0,0,0,0,0,1,2,1,773.2,14,54.25,0
1,1,0,0,1,1,1,0,0,0,1,1,0,1,0,3653.0,38,94.75,0
0,0,0,0,1,0,1,0,0,0,0,0,1,1,0,70.1,1,70.1,1
0,0,1,0,1,0,1,0,0,0,0,0,1,4,0,154.8,2,70.4,1
0,0,0,0,1,1,1,1,0,0,0,0,1,1,0,927.35,12,78.95,1
1,0,1,1,1,1,1,1,1,0,1,0,0,3,1,3082.1,31,98.05,0
1,0,0,1,1,0,2,0,0,1,1,1,1,2,1,2495.15,35,72.1,0
1,1,1,0,1,1,1,1,1,0,1,1,1,3,2,7920.7,72,109.55,0
0,0,1,1,1,0,1,0,1,0,1,1,1,1,0,777.3,8,94.2,1
1,0,1,0,1,1,1,0,1,0,1,1,1,1,0,1037.75,10,98.5,1
0,1,0,0,1,0,1,0,0,0,0,0,1,2,0,318.5,5,69.05,1
1,0,1,1,1,1,2,1,1,0,1,1,0,4,2,5435.0,63,83.5,0
0,0,1,0,1,1,0,2,2,2,2,2,0,4,2,1888.25,71,25.6,0
0,1,0,0,1,1,1,0,1,0,1,1,1,1,0,4863.85,46,104.45,1
0,0,1,1,1,1,0,2,2,2,2,2,0,2,2,1255.1,52,23.05,0
1,0,0,0,1,0,2,0,0,0,0,0,0,2,0,46.3,1,46.3,0
1,0,0,0,1,0,1,0,0,0,0,1,0,1,0,79.6,1,79.6,1
0,0,0,0,1,1,1,1,1,1,1,1,1,4,2,8192.6,72,112.75,0
0,0,0,0,1,0,1,0,0,0,1,0,0,1,0,247.25,3,83.75,1
1,0,1,0,1,0,2,1,0,1,0,0,0,2,0,1785.65,28,60.9,0
0,0,1,1,1,0,2,1,0,0,0,0,0,4,0,2066.0,39,51.05,0
0,0,0,0,1,1,0,2,2,2,2,2,0,4,2,826.1,33,25.7,0
0,0,0,0,0,3,2,0,1,1,1,1,0,1,1,743.3,12,60.65,0
1,0,1,1,1,1,1,0,0,0,0,0,1,1,0,74.5,1,74.5,1
1,0,0,0,1,0,2,1,1,1,1,1,0,4,0,483.3,6,78.65,0
1,0,0,0,1,0,1,1,0,0,0,1,1,2,0,244.85,3,86.05,1
1,0,0,0,1,0,1,0,0,0,1,1,1,1,0,370.65,4,88.45,1
1,0,1,1,1,0,1,0,1,0,1,0,1,1,0,3091.75,34,89.85,0
1,0,0,0,1,0,0,2,2,2,2,2,0,2,0,19.95,1,19.95,0
0,1,0,0,1,0,1,1,1,1,0,1,1,2,0,1426.75,15,96.3,1
1,0,0,1,0,3,2,0,0,0,0,0,0,1,0,24.75,1,24.75,1
0,0,0,0,1,1,2,0,0,0,0,0,1,2,0,151.3,3,50.65,1
1,0,0,0,1,0,0,2,2,2,2,2,1,2,0,20.1,1,20.1,0
0,0,0,0,1,0,0,2,2,2,2,2,0,2,1,71.2,3,20.25,0
0,0,1,1,1,0,2,0,1,1,1,1,0,3,2,2369.3,30,80.8,0
0,0,0,0,1,0,2,1,0,1,0,0,0,4,0,259.8,5,53.85,0
1,1,0,0,1,0,0,2,2,2,2,2,1,4,2,1396.0,68,20.0,0
0,0,0,0,1,0,0,2,2,2,2,2,0,2,0,20.35,1,20.35,0
0,0,0,0,1,0,1,0,0,0,0,1,1,1,0,412.5,5,80.0,1
0,0,0,0,1,0,1,0,0,0,0,0,0,2,0,71.1,1,71.1,1
1,0,1,1,1,0,0,2,2,2,2,2,0,2,1,218.55,13,20.0,0
0,0,0,0,1,1,1,0,0,1,0,0,0,4,0,2835.9,35,80.05,0
1,0,1,1,1,0,1,0,0,0,0,0,1,2,0,284.9,4,69.55,1
1,0,0,0,0,3,2,0,0,0,0,0,1,1,0,190.25,9,24.95,1
0,1,0,0,1,0,1,1,0,1,0,0,1,3,0,3778.1,45,85.7,0
0,0,1,0,0,3,2,1,0,0,0,0,0,1,0,629.35,21,28.5,0
0,0,0,0,1,0,1,0,0,0,1,1,1,3,0,2274.35,26,88.8,0
0,0,0,0,1,1,1,0,0,0,0,1,1,1,0,85.0,1,85.0,1
0,1,0,0,1,1,1,0,1,0,0,1,1,1,0,179.25,2,88.55,1
0,0,0,0,1,0,2,0,0,1,1,1,0,2,0,829.3,11,70.5,0
0,0,1,0,1,1,1,1,1,0,1,1,1,4,1,6557.75,59,109.15,0
0,0,1,0,1,0,1,0,0,0,0,1,1,3,0,2674.15,31,83.85,0
0,0,1,1,1,1,0,2,2,2,2,2,1,3,1,1342.15,54,24.75,0
0,0,0,1,1,0,0,2,2,2,2,2,1,3,1,360.35,16,19.3,0
1,1,0,0,1,1,2,1,0,0,0,0,0,1,0,494.05,9,54.55,0
0,0,0,0,1,1,1,0,0,0,1,1,1,1,0,2119.5,21,97.35,1
1,0,0,0,1,0,0,2,2,2,2,2,0,4,0,20.75,1,20.75,0
0,0,0,0,1,1,2,1,0,0,0,0,0,1,0,1249.25,23,54.4,0
1,1,1,0,1,1,1,0,0,0,0,0,1,2,0,527.9,7,74.4,1
1,0,0,0,1,1,1,1,1,0,1,1,0,2,0,2215.0,21,103.85,1
0,0,1,0,1,1,1,0,1,1,1,1,1,3,2,7082.85,65,107.65,0
1,0,0,0,0,3,2,0,0,0,1,1,1,1,0,174.3,4,44.55,1
1,0,1,1,1,0,1,1,1,1,1,1,0,3,2,8033.1,72,111.95,0
1,1,1,0,0,3,2,1,1,0,0,0,1,1,2,2965.75,68,41.95,0
0,0,1,1,1,0,1,1,1,0,0,0,0,3,1,5598.3,67,84.8,0
1,0,0,0,1,0,1,0,0,0,0,1,1,1,0,79.25,1,79.25,1
0,0,1,0,1,0,1,0,0,0,1,1,1,4,1,6744.2,69,95.65,0
1,0,0,0,1,1,1,0,0,0,1,0,1,3,0,5450.7,60,89.9,0
1,0,0,0,1,0,1,0,1,1,1,0,1,2,0,262.05,3,88.35,1
1,0,1,1,0,3,2,1,1,0,1,1,0,1,2,3707.6,63,59.0,0
1,0,1,1,1,1,2,1,1,1,1,1,1,2,2,6589.6,71,91.25,0
0,0,0,0,1,1,2,1,1,1,1,1,1,4,1,3110.1,35,85.95,0
0,0,0,0,1,0,1,0,0,0,0,0,1,4,0,2416.1,34,70.0,0
1,0,1,1,1,0,2,1,0,1,1,0,1,2,2,3729.6,53,69.7,0
1,0,1,0,0,3,2,1,1,0,0,0,0,2,0,592.75,17,34.4,0
0,0,0,1,1,0,2,1,0,1,0,0,1,1,0,60.0,1,60.0,0
1,0,1,0,1,0,1,0,0,0,0,1,1,1,1,4557.5,56,80.9,0
1,0,1,1,1,0,2,1,0,0,0,0,1,1,1,331.3,7,49.75,0
1,0,1,0,1,1,1,0,1,1,1,1,1,3,2,7567.2,67,111.3,0
1,0,0,0,1,0,2,0,1,1,0,0,1,1,0,688.5,11,60.9,0
1,0,0,1,1,0,0,2,2,2,2,2,1,2,0,20.25,1,20.25,0
1,0,0,0,1,1,0,2,2,2,2,2,0,2,0,62.0,2,24.85,0
0,0,1,0,1,1,1,0,1,1,1,1,0,3,2,7240.65,69,105.35,0
1,0,0,0,1,0,1,0,0,0,1,0,1,1,0,79.95,1,79.95,1
0,0,0,0,1,0,1,0,1,0,0,1,1,1,0,1862.9,21,90.05,1
1,1,1,0,1,1,1,0,0,0,1,1,1,4,1,7133.1,72,97.25,0
0,1,0,0,1,1,1,0,0,0,0,1,1,1,0,186.05,2,84.05,1
1,0,0,0,1,0,0,2,2,2,2,2,0,2,2,1118.8,57,20.75,0
1,0,0,0,1,0,1,0,0,0,1,1,1,1,0,89.55,1,89.55,1
1,0,1,0,1,0,1,0,1,1,0,0,1,2,0,319.15,4,80.6,1
0,0,0,0,1,0,0,2,2,2,2,2,0,2,0,61.05,2,19.4,0
0,0,0,0,1,1,1,0,0,0,0,0,1,1,0,663.55,9,76.85,1
0,0,0,0,1,1,1,1,1,1,1,1,0,2,2,7985.9,71,111.3,0
0,0,1,1,1,0,0,2,2,2,2,2,0,2,0,251.25,13,18.8,0
1,0,1,1,1,0,2,0,0,0,0,0,1,3,1,2230.85,50,44.8,0
1,1,1,0,1,1,1,0,1,0,0,1,1,1,0,914.3,10,89.8,1
1,1,1,0,1,1,1,0,1,0,0,1,1,1,0,6081.4,64,94.25,0
0,0,1,1,1,0,1,0,0,0,0,0,1,1,0,69.8,1,69.8,1
1,0,0,0,0,3,2,0,0,0,0,0,1,4,0,49.7,2,24.9,1
0,0,0,0,1,1,1,0,1,1,1,1,0,4,1,3327.05,30,110.45,0
1,0,0,0,1,1,1,0,1,0,1,0,1,1,0,593.45,7,90.45,1
1,0,0,0,1,0,0,2,2,2,2,2,0,2,1,525.55,26,19.4,0
1,0,0,0,1,0,2,0,0,1,0,0,0,2,0,1003.05,20,50.0,0
0,0,1,0,1,1,0,2,2,2,2,2,1,2,2,1776.0,72,26.0,0
0,0,1,1,1,0,2,0,0,0,0,1,0,1,0,734.35,13,55.95,0
1,0,1,0,1,0,1,1,0,1,0,0,0,3,2,5706.2,70,84.6,0
1,0,0,0,0,3,2,0,0,1,0,0,1,1,0,96.85,3,29.75,1
1,0,0,0,1,1,1,0,0,0,0,0,1,1,0,162.45,2,76.5,1
0,1,1,0,1,1,1,1,1,1,1,1,1,4,2,8443.7,72,115.75,0
1,1,0,0,1,1,1,0,1,0,0,0,1,4,0,2716.3,33,83.85,0
1,1,0,0,1,0,1,0,0,0,0,0,1,1,0,1074.3,15,74.4,1
1,0,0,0,0,3,2,0,0,1,0,0,0,2,0,29.15,1,29.15,0
1,1,0,0,1,1,1,1,0,0,1,1,1,1,0,5617.75,55,98.8,0
1,0,1,1,1,1,2,1,0,1,0,0,0,4,0,316.9,5,64.4,0
1,0,1,0,1,1,1,0,0,1,0,0,1,3,0,251.75,3,79.65,1
0,0,0,0,1,1,1,1,0,1,0,0,1,1,1,5844.65,65,89.85,0
1,0,1,1,1,0,2,1,1,0,0,0,0,1,1,2343.85,39,59.8,0
1,0,1,0,1,1,0,2,2,2,2,2,0,3,2,1940.85,70,25.15,0
1,0,0,0,1,1,1,1,1,1,1,1,0,4,1,3899.05,34,116.25,0
1,0,1,0,1,1,2,0,0,0,0,0,0,1,0,1441.95,30,49.9,0
0,0,1,0,0,3,2,0,1,0,1,1,1,3,0,617.15,12,49.85,1
1,0,0,1,1,0,0,2,2,2,2,2,0,2,1,190.25,9,20.1,0
0,0,1,0,0,3,2,0,0,1,1,1,1,4,1,2780.6,49,56.3,0
0,0,1,0,1,0,2,0,0,0,0,0,1,2,0,313.45,7,44.25,0
0,1,1,0,1,0,1,1,0,0,0,1,1,1,0,3147.15,38,83.45,0
1,0,0,0,1,0,1,1,1,1,1,1,0,4,2,7049.75,63,109.2,0
1,1,0,0,1,0,1,0,0,0,0,0,1,1,0,71.65,1,71.65,1
1,0,0,0,1,1,1,0,0,1,0,1,1,4,0,2723.15,30,89.9,0
0,0,0,0,1,1,2,0,0,1,1,1,1,2,1,1756.6,23,73.75,0
0,0,0,0,1,0,2,0,1,1,1,0,0,2,2,3894.4,57,69.75,0
0,1,1,0,1,1,1,0,0,0,0,0,1,4,2,5411.4,70,75.65,0
1,0,0,1,1,1,1,1,1,0,1,1,0,3,2,7382.25,71,106.7,0
1,0,1,1,1,0,2,0,1,0,0,0,1,1,0,939.8,20,49.6,0
0,0,1,1,1,1,0,2,2,2,2,2,0,3,2,1787.35,72,25.2,0
1,0,0,0,1,0,1,0,0,0,0,0,1,2,0,1490.4,22,69.7,0
1,0,0,0,1,1,0,2,2,2,2,2,1,1,0,378.6,15,26.35,0
0,0,1,0,0,3,2,0,1,0,1,1,1,1,0,442.2,9,48.75,1
0,0,1,0,1,1,1,0,1,1,1,1,1,1,0,4026.4,38,105.0,1
1,1,1,0,0,3,2,1,0,0,0,0,0,3,0,220.45,7,29.8,0
0,0,1,0,1,0,2,0,0,1,1,1,1,1,0,1959.5,26,73.05,0
0,0,0,0,1,0,2,1,1,1,0,0,1,4,1,3282.75,56,60.25,0
0,0,1,0,1,0,0,2,2,2,2,2,1,3,1,923.1,49,20.05,0
0,0,0,0,1,0,1,0,0,0,0,0,1,1,0,229.7,3,70.25,1
1,1,1,0,1,1,1,0,0,0,0,0,1,1,0,74.4,1,74.4,1
0,1,1,0,1,0,0,2,2,2,2,2,1,4,2,1462.05,70,19.55,0
0,0,0,0,1,0,2,0,1,0,0,0,0,3,1,1327.85,23,55.8,0
0,0,0,0,1,0,2,1,0,1,0,0,1,2,2,3739.8,65,59.6,0
1,1,1,0,1,1,1,0,1,1,1,1,1,3,2,7318.2,69,108.4,0
0,0,0,0,1,0,2,0,0,0,0,1,1,1,0,55.4,1,55.4,1
1,0,0,0,1,0,1,0,0,0,1,1,1,1,0,2238.5,24,90.35,1
0,0,1,0,1,0,1,0,0,1,1,1,1,1,0,2395.7,25,95.15,1
0,0,0,0,1,0,0,2,2,2,2,2,0,3,1,323.15,17,19.9,0
1,0,1,0,1,0,2,1,0,1,0,1,0,2,1,2201.75,32,70.5,0
1,0,1,1,1,0,0,2,2,2,2,2,0,3,2,1377.7,68,19.95,0
0,0,1,1,1,0,0,2,2,2,2,2,1,4,2,1411.2,70,20.15,0
1,0,1,1,1,1,1,0,0,1,1,1,1,1,1,5637.85,54,105.2,0
0,0,0,0,1,0,0,2,2,2,2,2,0,3,0,289.3,15,19.4,0
1,0,1,1,1,1,2,1,0,1,0,0,1,4,1,4748.7,71,66.85,0
1,0,1,0,1,0,0,2,2,2,2,2,0,4,2,1433.8,70,19.85,0
0,1,1,0,1,1,1,0,0,0,1,1,1,4,1,5016.25,53,95.85,0
0,0,1,0,1,0,1,1,0,1,0,0,1,1,0,194.55,2,80.15,1
0,1,0,0,1,1,1,0,0,0,0,0,1,4,2,4590.35,59,79.2,0
0,0,0,0,1,1,1,0,0,0,1,0,1,3,0,1821.95,22,84.15,1
0,0,1,1,1,1,1,0,0,0,0,0,1,3,0,1615.1,22,75.8,0
0,0,1,0,0,3,2,1,1,1,0,1,1,3,0,2782.4,57,49.9,0
0,0,0,0,1,0,1,0,0,0,0,0,0,1,0,71.35,1,71.35,1
0,0,1,1,1,1,1,0,1,0,1,1,1,4,0,1068.85,10,102.1,1
0,1,1,0,1,1,2,0,0,0,0,0,0,3,0,2838.55,55,51.65,0
0,0,1,1,1,1,0,2,2,2,2,2,1,3,1,993.15,43,24.45,0
0,1,1,0,0,3,2,0,1,0,1,1,1,1,0,810.7,18,48.35,1
0,0,0,1,1,1,1,1,0,0,0,0,0,4,0,188.1,2,80.55,0
0,0,1,1,1,1,0,2,2,2,2,2,1,3,2,1270.25,52,25.05,0
1,0,1,0,1,0,2,1,0,1,0,0,1,2,2,3766.2,60,61.35,0
0,0,0,0,1,1,1,0,1,0,0,0,1,1,0,4949.1,59,83.25,0
0,0,0,0,1,1,1,0,1,1,1,1,0,1,2,7028.5,69,104.0,0
1,0,0,0,1,1,1,0,0,0,1,1,1,1,0,1415.55,14,100.55,1
0,0,1,1,0,3,2,1,1,1,1,1,1,4,1,2640.55,43,60.4,0
0,0,1,1,1,0,0,2,2,2,2,2,0,3,0,198.1,12,19.4,0
0,0,1,1,1,0,0,2,2,2,2,2,0,2,2,162.15,8,19.5,0
0,0,1,1,1,1,2,0,1,0,1,0,1,3,0,235.0,3,69.15,1
1,0,1,1,1,1,1,0,1,1,1,1,1,3,1,6004.85,58,105.05,0
0,0,1,1,1,0,2,1,1,0,0,1,1,2,0,816.8,13,63.15,0
1,0,0,0,1,0,0,2,2,2,2,2,0,3,1,405.6,23,20.15,0
0,0,1,0,1,1,1,1,0,0,0,0,0,1,0,1348.95,17,78.9,0
1,0,0,0,1,1,1,1,1,1,1,1,1,1,2,5731.4,52,109.3,0
1,0,1,0,1,1,1,0,1,0,0,0,1,1,0,2447.95,32,78.9,0
0,0,0,0,0,3,2,0,0,1,0,0,1,3,0,1267.2,36,34.85,0
1,1,0,0,1,1,0,2,2,2,2,2,0,4,2,1672.15,67,25.1,0
1,1,1,1,1,1,1,0,1,0,1,1,1,1,0,2964.8,29,103.95,1
0,0,0,0,1,1,1,1,1,0,1,1,1,4,0,7107.0,65,111.05,0
1,1,1,0,1,1,1,1,1,0,0,0,1,3,0,3273.55,41,83.75,0
1,0,1,1,1,0,2,1,1,1,0,0,1,3,1,3928.3,60,65.85,0
0,0,0,0,1,0,0,2,2,2,2,2,0,4,2,1049.6,53,19.85,0
0,0,1,0,1,1,0,2,2,2,2,2,1,4,2,1614.9,68,24.95,0
1,1,0,0,1,0,1,0,0,0,0,0,1,1,0,165.4,2,74.7,1
1,0,1,1,0,3,2,1,1,0,0,0,0,3,0,2117.2,61,33.6,0
1,0,1,1,1,0,0,2,2,2,2,2,1,2,2,879.8,41,20.0,0
1,1,0,0,1,1,2,1,1,1,0,1,0,4,2,5031.0,69,74.1,0
1,1,1,1,1,0,2,0,0,1,1,1,1,1,0,2747.2,35,76.05,0
1,0,0,0,1,0,2,1,0,0,0,0,1,2,0,354.05,7,51.0,0
0,1,1,0,1,1,0,2,2,2,2,2,0,1,1,1306.3,50,25.2,0
1,0,1,1,1,0,2,1,1,0,0,1,1,4,1,2188.5,36,63.7,0
0,0,1,0,1,0,1,0,1,1,1,1,1,4,0,4834.0,48,100.05,0
0,0,1,0,1,0,2,1,1,1,1,1,0,3,2,5924.4,71,81.85,0
1,1,0,0,1,1,1,1,1,1,1,1,1,1,2,7108.2,65,109.05,0
0,0,0,0,1,1,1,0,0,0,1,1,1,1,0,2341.55,23,93.5,1
0,1,0,0,1,1,2,1,0,1,0,0,1,4,1,4174.35,66,63.85,0
0,0,1,1,0,3,2,0,0,0,0,0,0,2,0,125.5,5,25.05,0
1,1,1,0,1,1,1,1,1,1,1,1,1,4,0,8061.5,72,112.9,0
0,0,0,0,1,0,0,2,2,2,2,2,0,2,0,45.3,2,20.35,0
0,0,0,0,1,0,0,2,2,2,2,2,0,2,0,246.25,12,19.45,0
1,0,0,1,1,1,1,0,1,0,0,1,0,1,0,257.05,3,91.85,1
1,0,0,0,1,1,2,0,1,1,1,1,1,3,2,6201.95,72,88.6,0
1,1,1,0,1,0,2,1,0,0,0,1,1,4,0,1011.05,18,59.1,0
1,0,0,0,1,1,2,0,0,1,0,0,1,4,2,2200.7,39,53.85,0
0,1,0,0,1,0,1,1,0,0,1,0,1,4,0,2193.65,26,85.8,0
0,0,1,0,1,1,2,1,0,1,0,0,0,3,2,4804.75,72,64.75,0
1,0,1,0,1,1,0,2,2,2,2,2,1,2,0,89.05,3,23.6,0
1,0,0,0,1,1,2,0,0,0,1,0,1,1,0,59.85,1,59.85,1
0,0,1,1,1,1,1,0,1,0,1,0,0,1,0,2874.15,34,87.45,0
0,0,0,0,1,0,1,1,0,0,0,0,0,1,0,838.7,11,76.4,0
1,0,0,0,1,0,0,2,2,2,2,2,0,3,2,1253.8,66,19.7,0
0,0,0,0,1,1,1,0,1,0,0,0,0,2,0,155.8,2,80.6,1
0,0,0,0,1,0,2,1,0,1,0,1,0,3,0,574.5,8,66.05,0
0,0,0,0,1,0,1,0,0,0,0,0,1,3,0,2406.1,33,70.4,0
0,0,1,0,1,1,0,2,2,2,2,2,0,3,2,1887.0,72,25.65,0
0,0,1,0,1,1,2,0,0,1,0,0,1,4,2,3505.1,58,59.9,0
1,0,1,1,1,1,1,0,0,1,0,0,1,3,0,2570.2,30,83.55,0
1,0,1,0,0,3,2,0,0,0,0,0,1,1,0,100.4,5,24.95,1
0,1,1,1,1,1,1,1,0,1,1,1,1,1,0,4972.1,46,110.2,0
1,0,1,0,1,0,1,0,0,0,0,0,0,1,0,294.2,4,70.5,1
0,0,0,0,1,0,2,1,0,0,1,0,0,2,0,2586.0,40,65.1,0
1,0,0,0,1,1,2,1,1,1,1,1,0,4,2,5997.1,72,84.3,0
1,0,1,1,1,1,1,0,1,0,1,1,1,1,0,4872.45,49,99.8,0
0,0,0,0,1,0,2,1,0,0,0,0,1,1,0,54.9,1,54.9,0
1,0,0,0,1,0,1,0,0,0,0,1,1,1,0,4338.6,52,85.35,0
0,0,1,1,1,0,0,2,2,2,2,2,1,4,2,1326.25,72,20.1,0
0,1,1,1,0,3,2,0,0,0,0,1,1,1,1,1096.6,28,39.1,0
1,0,1,0,1,0,1,0,0,0,1,1,0,1,0,2964.05,33,91.25,0
0,0,0,1,1,1,2,1,1,1,0,1,0,4,1,693.3,10,73.55,0
0,0,0,0,1,0,1,0,1,0,0,1,1,4,0,1573.7,16,93.2,1
0,0,1,1,1,0,2,0,0,0,1,1,1,3,1,1498.2,22,69.5,0
0,0,0,0,1,1,0,2,2,2,2,2,1,4,2,1519.0,58,24.7,0
1,0,1,0,1,1,1,0,1,1,1,1,1,4,2,7758.9,72,109.75,0
1,0,0,0,1,1,2,1,0,0,0,0,1,4,0,568.2,10,54.5,0
0,0,0,0,1,0,0,2,2,2,2,2,1,4,0,92.05,5,19.65,0
0,0,1,0,1,0,1,0,0,0,0,0,1,1,0,141.45,2,70.7,1
0,0,0,0,1,0,1,0,0,0,0,0,1,1,0,137.95,2,70.95,1
0,0,0,0,1,1,2,0,0,1,0,0,1,2,0,117.05,2,54.35,0
0,0,1,1,1,1,1,1,1,1,0,1,1,3,2,5566.4,53,104.05,0
1,1,0,0,1,1,1,0,0,0,1,0,1,1,0,2291.2,25,88.95,1
0,0,1,1,1,1,1,1,1,1,1,1,0,1,1,7222.75,64,113.35,0
0,0,0,0,1,0,2,0,0,0,0,0,0,1,0,84.4,2,45.55,0
1,0,0,1,1,1,2,1,0,0,0,1,1,1,0,1083.7,16,69.1,0
0,0,0,0,1,0,2,1,0,0,0,0,1,1,1,1886.4,39,47.85,0
1,0,0,0,1,1,0,2,2,2,2,2,1,1,0,901.25,35,25.6,0
0,0,0,0,1,1,1,0,0,0,0,0,1,1,0,2227.8,31,76.05,0
0,0,0,0,1,0,2,1,0,1,0,0,0,1,0,308.25,5,54.2,0
1,1,1,0,1,1,1,0,1,1,1,1,1,3,2,8022.85,72,111.65,0
1,0,0,0,1,1,1,1,0,0,0,1,0,2,0,174.75,2,90.75,1
0,0,0,0,1,1,2,1,1,1,1,1,0,1,2,5308.7,61,89.65,0
0,0,0,0,1,1,2,1,1,1,0,0,0,4,0,1994.3,31,65.25,0
1,0,0,0,0,3,2,0,1,1,0,0,1,4,0,77.15,2,40.4,1
1,0,0,1,1,0,0,2,2,2,2,2,0,2,0,20.75,1,20.75,0
0,0,1,1,1,0,0,2,2,2,2,2,0,2,2,20.35,1,20.35,0
1,0,0,0,1,0,0,2,2,2,2,2,1,3,2,1192.3,59,20.2,0
0,0,0,0,1,1,1,0,0,0,1,1,0,2,0,95.65,1,95.65,1
0,0,0,0,1,0,2,0,0,0,0,0,0,1,0,416.45,9,45.15,0
0,0,1,1,1,1,1,0,0,1,1,0,1,1,0,1301.0,14,91.65,1
0,0,0,0,1,1,1,0,0,0,0,1,1,1,0,1066.9,12,86.55,1
0,0,0,0,1,0,2,0,1,1,1,1,0,2,2,3510.3,47,74.45,0
0,0,1,1,1,1,2,0,0,0,0,0,0,1,0,349.8,7,48.8,0
0,0,1,1,1,1,1,0,0,1,0,1,1,1,1,2509.25,28,90.45,0
0,0,1,1,1,0,0,2,2,2,2,2,0,3,2,1378.75,70,19.8,0
0,0,1,1,1,0,0,2,2,2,2,2,0,4,2,494.9,26,19.65,0
0,0,1,1,1,1,1,0,0,0,1,1,1,1,0,6010.05,61,99.15,0
0,0,1,0,1,1,1,0,1,0,1,1,1,1,1,7069.3,70,101.75,0
0,0,0,0,1,0,0,2,2,2,2,2,0,2,0,19.5,1,19.5,0
0,1,0,0,1,1,1,0,0,0,1,1,1,1,0,3580.3,37,96.55,1
1,0,1,1,1,0,1,0,1,0,1,0,0,1,1,5453.4,60,90.95,0
1,1,1,1,1,1,1,1,0,0,1,1,1,4,0,7548.1,71,105.1,0
1,0,0,0,1,0,1,0,1,0,1,1,1,1,0,3143.65,31,101.4,1
1,0,1,1,1,0,0,2,2,2,2,2,0,2,1,309.35,14,19.75,0
1,0,1,1,1,0,1,0,1,1,1,1,1,3,1,5236.4,50,103.4,0
1,0,1,1,1,0,0,2,2,2,2,2,0,1,0,19.75,1,19.75,0
1,1,1,0,1,1,1,0,1,0,1,1,1,1,0,4259.3,41,99.8,1
1,1,1,0,1,0,2,0,0,0,0,0,1,3,0,1527.5,30,50.4,0
1,1,1,1,1,1,0,2,2,2,2,2,1,3,2,1548.65,64,24.4,0
1,1,1,0,1,1,2,1,0,1,0,0,0,1,0,475.0,7,64.2,0
1,0,1,1,1,0,1,0,0,0,0,0,0,4,0,74.6,1,74.6,0
1,0,1,0,1,0,2,1,1,1,1,1,1,4,2,4307.1,51,83.85,0
0,0,1,1,1,1,2,1,1,1,0,1,1,3,1,4042.2,50,80.05,0
1,0,1,1,1,0,0,2,2,2,2,2,1,3,1,865.05,44,20.5,0
0,0,0,0,1,1,1,0,0,1,1,1,1,3,1,6744.25,65,105.05,0
0,1,0,0,0,3,2,0,0,0,0,0,1,2,0,25.7,1,25.7,1
1,0,0,0,1,0,2,0,0,0,0,0,1,2,0,96.45,2,45.0,0
0,0,0,0,1,0,1,1,1,1,1,1,1,4,2,4904.25,48,102.5,0
0,0,0,0,1,1,1,0,1,1,1,1,1,4,0,669.45,6,109.9,1
0,0,0,0,1,0,2,0,1,0,0,1,1,1,0,2096.1,35,62.1,0
0,0,0,0,0,3,2,0,0,0,1,1,1,1,0,1098.85,22,50.35,1
1,0,1,1,0,3,2,1,1,1,1,1,0,3,2,4549.05,72,60.95,0
0,1,1,1,1,1,2,1,1,1,1,0,0,1,1,4154.55,55,76.25,0
1,0,1,1,1,0,1,1,0,1,1,1,1,4,2,7261.75,69,106.35,0
1,1,1,0,1,1,2,0,1,0,1,1,1,4,2,5329.0,72,73.45,0
0,1,0,0,1,0,1,0,0,0,1,1,1,1,0,91.3,1,91.3,1
0,0,0,1,1,0,1,0,1,1,1,1,1,1,2,2715.3,26,105.45,0
1,0,1,1,1,0,0,2,2,2,2,2,0,2,2,454.0,23,20.9,0
0,0,0,0,1,0,0,2,2,2,2,2,0,4,0,35.1,2,20.35,0
1,0,1,0,1,0,1,0,1,0,0,0,0,1,0,151.8,2,76.4,1
0,1,0,0,1,1,1,0,1,1,1,1,1,4,1,4188.4,40,103.75,0
0,0,0,0,1,1,1,0,0,0,1,1,1,1,0,94.6,1,94.6,1
0,1,1,0,1,0,1,1,0,0,0,0,1,3,0,1929.35,27,75.2,0
0,0,1,1,1,0,2,1,1,1,0,0,0,2,0,663.05,9,65.0,0
0,1,1,0,1,1,1,0,0,0,1,0,1,1,0,4367.35,50,88.05,0
1,0,1,1,1,0,0,2,2,2,2,2,1,3,1,845.6,46,20.2,0
0,0,1,0,1,1,0,2,2,2,2,2,0,2,2,387.9,15,25.2,0
0,0,0,0,1,1,2,1,1,0,1,1,1,1,1,1843.05,23,78.55,0
0,0,0,0,1,0,2,0,0,0,1,0,1,1,0,114.15,2,59.0,1
1,0,0,0,1,1,1,0,1,0,0,1,1,4,0,1597.25,18,90.7,1
0,1,0,0,1,1,2,0,1,1,1,0,1,3,2,5212.65,70,75.5,0
0,0,1,1,1,0,2,1,0,0,0,0,0,2,1,422.3,9,48.6,0
1,0,1,1,1,1,2,1,1,1,0,0,0,1,0,2000.2,30,67.6,0
1,0,1,1,1,0,1,1,0,0,0,0,0,2,0,1151.55,15,75.1,0
1,1,0,0,1,1,1,0,0,0,0,1,0,1,0,3413.25,39,90.7,0
0,0,0,0,1,0,2,0,0,0,0,0,1,1,0,611.65,12,49.4,0
1,0,0,0,1,0,1,0,1,1,1,0,0,2,0,1682.4,19,89.95,0
1,1,0,0,1,1,2,0,0,0,0,0,0,4,0,1291.3,24,54.8,0
0,0,0,0,1,1,1,1,1,0,1,0,1,4,0,6886.25,67,102.95,0
1,0,0,0,0,3,2,1,0,1,1,1,1,3,2,4176.7,69,60.05,0
0,0,1,1,1,1,1,1,0,0,0,0,1,1,0,4600.95,55,85.1,0
1,0,0,0,1,0,2,1,0,0,1,0,1,4,2,3342.45,52,63.25,0
0,0,0,0,1,1,1,1,0,0,1,0,1,1,0,1617.5,17,94.4,1
0,0,0,1,1,0,2,0,0,1,0,0,0,2,0,953.65,19,48.8,0
1,0,0,0,1,1,1,0,0,0,0,0,0,1,0,3017.65,39,75.25,0
1,0,0,0,1,0,2,1,0,1,0,0,1,2,0,2647.1,40,61.9,0
1,0,0,0,1,0,0,2,2,2,2,2,0,2,0,518.3,26,20.9,0
0,0,0,0,1,0,0,2,2,2,2,2,0,2,0,19.9,1,19.9,0
1,1,1,0,1,0,1,0,0,0,0,1,0,1,0,1422.65,18,78.55,1
0,1,0,0,1,0,1,0,0,0,0,0,1,4,0,1147.45,15,75.3,1
0,0,0,0,1,0,0,2,2,2,2,2,1,2,0,42.45,2,20.45,0
0,0,1,0,1,0,1,0,0,0,1,0,1,3,0,79.35,1,79.35,1
1,0,0,0,1,0,1,0,0,0,1,1,0,2,0,2192.9,23,95.3,0
0,0,1,1,1,1,2,1,1,1,0,0,0,3,2,4758.8,72,66.85,0
0,0,0,0,1,0,0,2,2,2,2,2,0,2,0,41.2,2,20.3,0
1,1,1,0,1,1,2,1,1,1,1,1,1,4,2,6306.5,70,88.55,0
0,0,1,1,1,0,0,2,2,2,2,2,1,2,2,927.1,46,19.95,0
0,0,0,0,1,0,0,2,2,2,2,2,0,2,1,620.75,36,19.55,0
0,0,1,0,1,1,1,1,1,1,1,1,1,4,2,7881.2,72,110.15,0
0,0,1,1,1,0,2,0,0,1,0,0,1,2,0,297.35,6,48.8,0
0,0,0,1,1,0,0,2,2,2,2,2,0,4,0,94.5,4,20.4,0
0,0,0,0,1,1,1,0,0,0,0,1,1,2,0,85.45,1,85.45,1
0,0,0,0,1,0,1,1,0,1,0,0,1,2,0,83.4,1,83.4,1
0,0,0,0,1,1,1,1,0,0,1,1,1,1,0,1358.85,13,100.35,1
0,0,1,0,0,3,2,1,1,1,0,1,0,1,2,3147.5,64,47.85,0
1,0,0,1,0,3,2,1,0,1,0,1,1,2,2,343.45,8,44.55,0
1,0,1,1,1,1,1,0,1,1,1,1,1,3,2,8041.65,72,112.25,0
1,0,0,0,1,1,1,0,0,0,0,0,1,1,0,75.45,1,75.45,1
0,0,0,0,1,1,1,0,0,1,1,1,1,2,0,399.25,4,100.85,1
1,0,0,1,1,0,2,0,1,0,0,0,1,1,0,49.85,1,49.85,0
1,0,1,1,1,1,0,2,2,2,2,2,1,3,2,1424.6,62,24.25,0
0,1,0,0,1,1,1,0,0,1,1,0,1,1,0,3190.25,34,96.35,1
1,0,0,1,1,0,2,0,0,0,0,0,1,1,0,44.4,1,44.4,0
1,0,1,0,1,1,1,0,1,0,1,1,1,1,0,2391.8,24,101.05,1
1,0,1,1,1,1,1,1,1,0,1,1,0,3,2,7609.75,72,105.25,0
0,0,0,0,1,0,0,2,2,2,2,2,0,4,0,19.95,1,19.95,0
0,1,1,0,1,1,1,0,1,0,1,1,1,1,0,6479.4,63,103.5,0
0,0,1,1,1,1,1,1,1,0,1,1,0,3,2,7082.5,66,109.25,0
1,0,1,0,1,1,2,0,1,0,1,1,1,1,1,4914.8,61,79.8,0
1,0,0,0,1,0,0,2,2,2,2,2,0,3,2,1311.75,67,19.95,0
0,0,0,0,1,0,1,0,1,0,1,1,0,2,1,1115.15,12,95.5,0
1,0,1,1,0,3,2,1,0,0,0,0,1,2,0,610.2,19,34.95,0
1,0,0,0,1,0,0,2,2,2,2,2,0,3,2,1430.95,67,20.5,0
0,0,0,0,1,1,1,1,0,0,0,0,1,4,0,1029.35,13,80.0,0
0,0,0,0,1,0,2,0,0,0,0,0,0,2,0,45.15,1,45.15,0
0,0,1,1,1,1,1,0,0,0,0,1,1,3,0,264.85,3,84.75,1
1,0,0,1,1,0,0,2,2,2,2,2,1,2,0,75.45,3,20.05,0
0,0,1,1,1,1,1,1,1,0,1,1,1,1,0,1743.5,17,104.2,1
1,0,0,0,1,0,2,1,1,0,0,0,0,1,1,2790.65,52,53.75,0
1,0,1,1,1,0,0,2,2,2,2,2,0,2,1,997.75,51,19.4,0
0,1,0,0,1,0,1,0,1,0,1,0,1,2,0,415.55,5,84.85,1
0,1,1,1,0,3,2,0,1,0,0,0,1,2,0,1025.15,29,35.65,0
0,0,1,1,1,0,0,2,2,2,2,2,1,4,0,20.15,1,20.15,0
0,0,0,0,1,0,0,2,2,2,2,2,1,2,0,20.15,1,20.15,0
0,0,1,1,1,1,1,1,0,0,1,0,1,4,1,3923.8,42,94.45,0
1,0,0,0,1,0,0,2,2,2,2,2,0,2,0,19.65,1,19.65,0
0,0,0,0,1,1,1,0,1,0,0,1,1,1,0,1422.1,16,88.45,1
1,0,0,0,1,0,2,0,0,0,0,0,0,4,0,492.0,11,45.2,0
0,1,1,0,1,1,1,0,1,0,0,1,1,1,0,2381.55,26,93.85,1
1,0,0,1,1,0,2,0,1,1,0,0,1,1,1,3283.05,54,61.0,0
1,0,1,0,1,1,1,0,0,0,1,1,1,4,0,2866.45,30,94.05,1
1,1,1,1,1,1,2,1,1,1,1,0,0,4,2,5154.6,66,79.4,0
0,0,1,1,1,0,1,1,1,1,1,1,1,3,2,7726.35,72,108.65,0
1,0,1,1,1,1,0,2,2,2,2,2,1,3,2,269.65,12,24.0,0
0,0,0,0,1,0,1,1,1,1,1,1,1,1,0,1934.45,19,106.6,1
1,0,1,0,1,0,2,1,0,1,1,0,1,2,0,593.85,9,68.95,0
0,0,1,1,1,1,2,0,1,1,1,0,0,2,2,2283.3004408418656,0,73.35,0
1,0,0,0,1,1,0,2,2,2,2,2,0,3,1,1699.15,66,25.45,0
1,1,1,1,0,3,2,0,0,0,0,1,1,3,0,362.6,10,34.55,1
0,0,1,1,1,1,0,2,2,2,2,2,1,2,2,1385.85,56,24.45,0
0,0,1,1,1,0,0,2,2,2,2,2,1,3,2,1372.9,67,19.25,0
1,0,1,1,0,3,2,1,1,1,1,1,1,3,2,3845.45,64,60.05,0
0,0,1,0,1,1,2,1,1,1,0,1,1,2,2,5129.3,64,81.3,0
1,1,1,0,1,0,1,0,0,0,0,0,0,3,0,849.1,13,70.45,0
1,0,0,0,1,0,1,0,0,1,1,1,1,1,0,453.4,5,96.1,1
0,0,0,0,0,3,2,1,1,0,0,0,0,2,0,135.75,4,35.0,0
0,0,1,1,1,0,0,2,2,2,2,2,1,3,2,886.4,45,20.0,0
1,0,1,0,1,1,1,0,0,0,1,1,1,1,0,1691.9,18,94.75,1
0,0,0,0,1,0,2,0,1,0,1,0,0,1,0,161.45,3,57.55,0
1,0,0,0,1,0,0,2,2,2,2,2,0,2,0,20.6,1,20.6,0
1,0,1,0,0,3,2,0,0,0,1,1,1,1,0,1332.4,29,45.9,0
0,0,0,0,1,1,0,2,2,2,2,2,0,4,2,1678.05,69,24.6,0
0,0,0,0,1,1,1,0,0,0,1,1,1,4,0,1992.55,21,99.85,1
0,0,0,0,1,0,2,0,0,0,0,0,1,1,0,927.15,20,44.35,0
1,0,1,1,1,1,1,1,1,0,1,1,1,3,2,7966.9,72,110.3,0
1,0,0,0,0,3,2,0,0,0,0,0,1,4,1,150.85,7,24.35,0
1,0,0,0,1,0,0,2,2,2,2,2,0,4,0,95.55,5,20.05,0
0,0,1,0,1,1,2,0,0,0,0,0,0,1,0,314.55,6,50.35,0
1,0,0,1,1,0,2,0,0,0,1,1,0,4,0,831.75,13,66.4,0
0,0,1,1,1,0,0,2,2,2,2,2,0,2,0,20.05,1,20.05,0
0,0,0,0,1,0,1,1,0,0,0,0,1,1,0,246.5,3,79.1,1
1,0,0,0,1,1,1,0,0,0,1,1,0,1,0,639.7,7,96.2,1
1,0,0,0,1,0,1,0,0,0,1,0,1,1,0,523.5,6,84.85,1
1,0,0,0,1,0,0,2,2,2,2,2,0,2,0,20.0,1,20.0,0
0,0,0,0,1,0,0,2,2,2,2,2,0,4,1,237.7,11,20.05,0
0,0,0,0,1,1,1,0,0,0,1,1,0,3,1,6137.0,63,99.9,0
0,1,0,0,1,0,1,0,1,0,0,0,0,2,0,202.9,3,75.05,1
1,0,0,0,1,0,0,2,2,2,2,2,0,2,1,124.4,6,19.15,0
0,0,1,1,1,1,2,1,0,0,1,0,1,4,2,4872.35,70,69.2,0
1,0,1,0,1,0,1,0,1,1,0,1,1,1,0,3419.3,37,90.35,0
0,1,0,0,1,0,0,2,2,2,2,2,0,2,2,735.9,38,20.2,0
0,1,0,0,1,1,2,1,0,0,0,0,1,3,0,1718.95,29,58.55,0
1,0,0,0,1,0,0,2,2,2,2,2,1,1,1,164.6,9,19.9,0
1,1,1,0,1,0,0,2,2,2,2,2,1,1,1,485.2,23,20.75,0
0,1,1,0,1,1,1,0,1,0,1,0,0,1,0,1951.0,20,90.8,1
0,0,1,1,1,1,0,2,2,2,2,2,0,2,2,1764.75,70,24.05,0
1,0,1,0,1,0,1,1,1,1,0,1,0,4,2,7085.5,70,101.0,0
0,1,0,0,1,0,1,0,0,0,1,0,1,1,0,392.5,5,84.7,1
1,0,1,1,1,1,2,1,1,1,1,0,1,3,2,5727.45,72,80.85,0
0,0,1,1,0,3,2,1,1,1,0,1,0,4,2,3880.05,72,55.65,0
1,0,0,0,1,0,1,1,0,1,0,1,1,2,0,360.55,4,94.9,1
0,0,0,0,1,0,0,2,2,2,2,2,0,2,0,164.85,7,20.05,0
0,0,1,1,1,1,1,1,0,0,0,0,0,4,1,1810.85,23,81.85,0
0,0,0,0,1,0,2,0,0,0,1,1,1,1,0,716.1,11,64.9,1
1,0,1,1,1,0,0,2,2,2,2,2,1,4,1,445.3,23,20.0,0
0,0,0,0,1,0,2,0,0,1,0,0,1,1,0,654.5,12,54.3,0
1,0,1,1,1,1,1,0,1,0,1,0,1,1,1,4520.15,49,93.65,0
1,0,1,0,1,1,1,0,0,0,0,1,1,1,0,1139.2,14,85.15,1
1,0,1,1,0,3,2,0,1,0,0,0,1,4,1,1971.5,56,36.1,0
0,0,1,0,1,0,0,2,2,2,2,2,1,2,0,45.75,3,19.9,0
0,0,0,0,1,1,1,0,1,1,1,1,1,3,2,7455.45,69,110.5,0
1,1,1,0,1,1,1,0,1,0,0,0,1,1,0,457.1,6,80.8,1
0,0,1,0,1,0,0,2,2,2,2,2,0,4,1,1032.05,49,20.7,0
1,0,1,0,1,1,1,0,0,0,1,1,1,1,0,1687.95,18,94.7,1
1,1,0,0,1,0,1,0,0,0,0,0,1,3,0,69.5,1,69.5,1
0,0,0,0,0,3,2,0,0,0,1,0,0,4,0,108.95,3,35.2,0
1,0,0,0,1,0,1,0,1,0,0,1,1,1,0,167.3,2,85.85,1
1,0,0,0,1,0,0,2,2,2,2,2,0,4,2,1008.7,54,19.65,0
1,0,0,0,1,0,2,0,0,1,0,0,1,4,0,1269.6,24,51.1,0
0,0,1,1,1,1,2,1,0,1,0,0,0,3,2,3273.95,54,60.0,0
1,0,0,0,1,0,0,2,2,2,2,2,0,2,0,311.6,15,19.75,0
0,0,0,0,1,0,2,1,1,1,1,1,0,3,2,3618.7,45,81.65,0
1,0,0,0,0,3,2,1,1,1,0,0,0,2,2,1755.35,46,38.25,0
0,0,1,0,1,0,2,1,0,1,0,0,0,3,0,690.5,12,54.2,0
0,0,1,1,1,0,1,0,1,0,0,0,0,1,2,5436.45,71,76.05,0
0,0,0,0,0,3,2,0,0,0,0,0,1,1,0,389.95,13,31.65,1
0,1,0,0,1,0,1,0,0,0,0,0,1,1,0,73.0,1,73.0,1
0,0,1,1,1,0,1,0,1,0,1,0,1,1,0,5511.65,58,91.55,0
0,0,0,0,1,1,1,0,0,0,0,0,1,3,0,552.95,7,75.1,1
1,0,1,1,1,1,0,2,2,2,2,2,0,2,2,1173.35,48,23.55,0
1,0,0,0,1,1,1,1,0,1,0,1,0,4,1,6687.85,71,97.65,0
1,0,0,1,1,0,0,2,2,2,2,2,0,2,0,184.1,9,20.4,0
0,0,1,1,1,0,2,0,0,0,1,0,0,2,0,1082.8,18,55.95,0
1,0,0,0,1,0,0,2,2,2,2,2,0,2,0,20.2,1,20.2,0
0,1,1,0,1,0,0,2,2,2,2,2,1,3,2,1263.05,67,20.05,0
1,0,0,0,1,0,1,0,0,0,0,1,1,1,0,85.0,1,85.0,1
0,0,1,0,1,1,1,1,0,0,1,1,1,1,1,5270.6,56,98.0,0
1,0,0,0,0,3,2,1,0,0,0,1,0,3,2,2431.95,54,46.2,0
0,0,1,1,1,0,0,2,2,2,2,2,1,2,2,263.65,14,19.7,0
0,1,0,0,0,3,2,0,0,0,1,1,1,1,0,672.7,14,46.35,1
1,0,0,0,1,0,2,1,0,1,1,0,1,2,0,3883.3,54,69.9,0
1,0,1,0,1,1,2,1,1,1,0,0,0,2,2,4808.7,72,68.15,0
1,0,0,0,1,0,2,1,0,0,0,0,0,2,1,946.95,17,56.1,0
0,0,1,1,1,0,0,2,2,2,2,2,0,1,0,20.0,1,20.0,0
0,0,1,0,1,1,1,0,0,0,0,1,1,1,0,2624.25,30,85.0,1
0,0,0,1,1,0,0,2,2,2,2,2,0,4,2,970.85,50,20.15,0
1,0,0,1,1,0,0,2,2,2,2,2,0,2,0,58.3,3,19.95,0
1,0,1,0,1,0,2,0,1,1,1,1,1,1,0,741.4,12,74.15,0
0,0,0,0,1,0,1,0,1,0,0,0,1,1,0,952.3,13,81.15,1
0,1,1,0,1,0,1,0,0,0,0,0,1,1,0,1813.1,25,69.3,1
0,0,0,0,1,0,1,0,0,0,1,1,1,1,0,168.2,2,90.4,1
0,0,0,0,1,1,2,0,0,1,0,1,1,2,1,2511.95,36,70.7,0
1,0,0,0,1,0,2,0,0,1,0,0,1,2,0,152.3,3,50.25,0
1,0,1,0,1,1,2,0,0,1,0,1,0,1,0,4264.6,66,63.85,0
1,0,1,0,1,1,1,0,1,0,1,1,1,1,0,1504.05,15,101.1,1
0,0,1,1,1,0,2,0,1,1,1,1,1,3,2,4616.05,61,73.8,0
1,0,0,0,1,1,1,1,1,1,1,1,1,3,2,7711.25,70,114.95,0
0,1,0,0,0,3,2,0,1,0,1,0,1,1,0,1434.6,35,39.85,0
0,0,0,0,1,0,2,1,0,0,0,0,1,4,0,48.6,1,48.6,0
0,0,1,1,1,0,0,2,2,2,2,2,0,3,2,1057.0,48,20.65,0
1,0,0,0,0,3,2,0,0,1,0,1,1,2,2,2799.75,70,40.05,0
0,0,0,1,1,1,1,0,1,0,1,1,1,1,0,1275.65,12,105.3,1
1,0,1,0,1,1,1,0,1,1,1,1,1,1,0,7132.15,61,114.1,0
0,0,0,0,1,0,1,0,1,1,0,0,1,4,0,3264.5,38,84.25,0
1,0,0,0,1,0,1,0,0,0,0,0,1,2,0,71.35,1,71.35,1
0,0,1,1,1,1,2,1,0,0,1,0,0,3,1,3512.15,56,65.2,0
0,0,0,0,1,0,1,0,0,1,0,1,1,4,0,425.9,5,85.4,1
1,0,1,0,1,0,2,0,0,0,0,0,1,3,0,521.9,11,45.9,0
0,0,1,1,1,1,1,0,1,0,1,1,1,1,1,6256.2,59,106.15,0
0,0,0,0,1,0,2,0,0,0,0,0,1,2,0,45.4,1,45.4,0
1,1,1,0,1,1,1,0,1,0,1,1,1,3,2,7689.95,72,104.15,0
1,0,1,1,1,0,0,2,2,2,2,2,0,2,1,419.9,22,20.15,0
1,0,0,1,1,0,2,0,0,0,0,0,0,2,1,681.4,17,44.6,0
1,0,1,0,0,3,2,1,0,1,1,0,1,3,1,2188.45,50,44.45,0
1,0,0,0,1,0,2,0,0,1,1,0,1,1,0,520.95,8,66.65,0
1,0,1,1,1,0,2,1,1,0,0,0,1,3,2,3457.45,56,59.8,0
0,0,1,1,1,0,1,0,0,0,0,1,1,1,0,250.05,3,80.3,1
1,0,1,1,1,0,0,2,2,2,2,2,1,3,0,745.3,40,20.4,0
1,1,0,0,1,1,1,0,1,0,1,1,1,4,0,6841.05,67,101.4,0
0,0,1,0,1,1,1,0,0,0,1,0,1,1,0,365.4,4,91.65,1
0,0,1,0,1,0,0,2,2,2,2,2,1,3,1,1327.4,67,20.85,0
0,0,1,1,1,0,2,1,0,0,0,0,0,1,0,217.1,4,50.3,0
0,0,1,1,1,1,0,2,2,2,2,2,1,2,2,1551.6,61,24.1,0
0,0,1,0,1,1,0,2,2,2,2,2,1,1,1,1763.55,69,26.3,0
0,0,1,0,1,0,0,2,2,2,2,2,1,3,2,973.35,49,20.15,0
1,0,1,0,1,0,1,0,0,0,1,0,1,4,0,4297.95,49,85.3,0
0,0,0,0,1,1,1,1,1,1,1,1,1,2,2,3914.05,35,113.2,0
1,0,1,1,1,1,0,2,2,2,2,2,0,3,2,1718.2,69,24.45,0
0,0,1,0,1,0,2,1,0,1,0,0,0,3,2,3483.45,60,59.85,0
0,0,1,1,0,3,2,0,0,1,1,0,0,1,0,40.1,1,40.1,1
0,0,0,1,1,1,2,0,1,0,0,0,1,2,1,937.5,17,55.85,0
0,0,0,0,1,0,2,0,0,0,0,0,1,4,0,44.55,1,44.55,0
1,0,1,1,1,0,0,2,2,2,2,2,0,1,1,99.45,5,20.55,0
0,0,0,0,1,0,0,2,2,2,2,2,1,2,2,261.3,13,20.4,0
1,0,0,0,1,1,1,0,0,0,0,0,1,1,0,265.35,4,74.35,1
1,0,1,1,1,1,2,0,1,1,1,1,1,2,1,3942.45,53,78.75,0
0,0,1,1,0,3,2,1,1,1,1,1,0,3,2,4528.0,72,64.45,0
1,0,0,0,1,0,0,2,2,2,2,2,0,2,2,487.05,24,20.75,0
0,0,0,0,1,1,0,2,2,2,2,2,0,3,0,465.85,19,24.7,0
1,0,0,1,1,0,0,2,2,2,2,2,0,2,0,19.85,1,19.85,0
0,0,0,0,1,1,1,0,0,0,0,0,0,1,0,402.5,5,75.6,1
1,1,1,1,1,0,1,1,1,0,0,0,1,3,1,6179.35,71,86.7,0
1,0,1,0,1,1,2,1,1,1,1,1,1,3,2,6254.45,72,89.05,0
0,0,0,0,1,0,2,1,1,0,0,0,0,3,0,2536.55,42,59.65,0
1,0,0,0,1,1,2,0,0,0,0,0,1,4,0,767.55,14,55.5,0
1,0,0,0,1,0,2,1,0,0,0,0,0,2,0,51.25,1,51.25,0
0,1,0,0,1,0,1,0,0,0,0,0,1,1,0,142.35,2,70.65,1
0,1,1,1,1,1,2,1,1,1,1,1,0,4,2,6440.25,72,92.45,0
0,0,1,1,1,0,1,0,0,0,1,1,0,1,0,1222.8,13,88.35,1
0,0,0,0,1,0,1,0,1,0,0,0,0,1,0,1358.6,18,77.8,0
0,0,0,0,1,1,1,1,0,0,0,1,0,3,1,4442.75,45,96.75,0
0,1,0,0,1,1,1,0,1,0,1,1,1,1,1,5409.75,55,100.15,0
1,0,0,1,1,1,2,0,0,0,0,0,1,1,0,50.05,1,50.05,1
1,0,0,0,1,0,0,2,2,2,2,2,0,2,0,21.1,1,21.1,0
1,0,0,0,1,1,0,2,2,2,2,2,0,4,1,1600.95,65,24.8,0
0,0,1,0,1,0,2,0,0,0,1,1,1,4,0,3168.0,46,69.1,0
0,0,0,1,1,0,0,2,2,2,2,2,0,2,0,452.2,21,20.75,0
1,1,0,0,1,1,1,0,0,0,1,1,1,1,0,2440.15,24,101.25,1
0,0,1,1,0,3,2,1,1,1,1,1,0,2,1,1993.2,34,61.25,0
0,0,0,0,1,0,1,0,0,0,0,0,1,2,1,966.25,13,74.65,0
0,0,1,1,1,0,2,1,1,1,1,0,0,3,1,3023.65,48,69.7,0
0,0,0,0,1,1,1,0,1,0,1,1,1,1,1,5914.4,56,106.8,0
0,0,1,1,1,0,1,0,1,1,1,1,1,1,2,4303.65,42,100.4,0
0,0,1,0,1,0,2,1,0,0,0,0,0,2,0,235.05,4,54.7,0
0,0,1,0,1,0,2,1,1,0,0,0,1,2,0,3673.15,65,55.15,0
1,0,1,0,0,3,2,0,0,0,0,0,0,2,0,78.25,3,25.0,1
0,0,1,1,1,1,2,1,0,1,1,1,1,3,2,5460.2,70,80.6,0
1,1,0,0,1,1,1,0,1,0,1,0,1,1,0,88.8,1,88.8,1
1,0,0,0,1,0,2,1,0,0,0,0,1,2,1,3465.7,66,54.8,0
1,0,0,0,1,0,2,0,1,1,0,0,1,4,0,1046.5,19,55.0,0
1,0,1,0,1,1,0,2,2,2,2,2,0,3,2,1724.15,70,24.25,0
1,0,0,0,1,0,1,0,0,1,1,1,1,4,2,4220.35,41,99.65,0
1,0,1,1,1,1,1,0,1,1,1,1,1,3,2,4900.65,45,109.75,0
0,0,1,0,1,0,0,2,2,2,2,2,0,3,1,900.9,49,20.45,0
1,1,0,0,1,1,1,0,0,1,1,0,1,3,0,1910.6,22,90.5,1
0,0,1,1,1,1,1,0,1,1,0,1,1,4,1,5608.4,56,99.75,0
0,0,0,0,1,1,2,1,0,0,0,0,1,2,0,899.8,15,55.7,0
0,0,1,1,1,1,1,1,1,1,0,1,1,3,1,6689.0,67,100.25,0
1,0,1,1,1,0,0,2,2,2,2,2,0,2,1,19.65,1,19.65,0
1,1,1,1,1,1,1,0,0,0,1,1,0,1,0,3741.85,38,101.15,1
0,0,0,0,1,1,2,1,1,1,1,0,0,4,1,3877.65,52,74.0,0
0,0,1,1,1,0,0,2,2,2,2,2,1,3,1,682.1,34,20.1,0
1,0,1,1,1,0,0,2,2,2,2,2,0,3,2,1356.7,69,19.9,0
1,0,0,1,1,1,1,0,0,0,1,1,1,1,0,364.55,4,101.7,1
0,0,0,0,1,0,2,0,1,0,0,1,0,4,1,3503.5,63,58.55,0
1,0,1,0,1,0,0,2,2,2,2,2,0,2,2,483.15,24,19.75,0
1,0,0,0,1,1,1,1,1,0,0,0,0,3,0,5586.45,62,90.7,0
0,0,0,0,1,0,0,2,2,2,2,2,1,3,1,679.8,36,19.25,0
0,0,0,0,1,1,2,0,0,1,0,1,0,4,0,2656.3,38,68.15,0
0,1,1,0,1,1,1,1,0,0,0,0,0,1,0,3825.85,47,80.35,0
1,0,1,0,1,0,1,1,0,0,0,0,1,1,0,3013.05,38,79.45,0
0,0,1,1,1,0,1,0,1,0,1,1,1,1,0,3875.4,42,92.15,0
0,0,1,0,1,1,0,2,2,2,2,2,0,1,2,1108.2,42,25.25,0
0,0,0,0,1,0,2,0,0,1,1,1,1,1,0,244.1,3,75.3,1
1,1,0,0,1,0,1,1,0,1,1,1,0,4,0,832.35,8,100.3,0
1,1,0,0,1,1,1,0,0,0,0,1,1,4,0,732.5,9,84.4,1
0,0,1,0,1,1,2,1,0,1,0,1,1,1,1,3972.25,58,68.4,0
1,1,0,0,1,0,2,0,1,0,1,0,1,3,0,1236.15,21,60.05,0
0,0,0,0,1,0,0,2,2,2,2,2,1,2,0,247.0,10,20.9,0
0,0,0,0,1,1,1,0,0,0,1,1,0,1,1,6838.6,70,98.9,0
1,0,0,0,1,0,2,1,0,1,1,1,0,3,1,1908.35,26,75.0,0
1,1,1,0,1,1,1,0,0,0,1,1,1,1,0,3436.1,36,96.5,1
1,0,1,0,1,1,2,1,1,1,0,0,1,3,2,4804.65,72,67.8,0
0,0,0,0,1,0,1,1,0,0,0,0,1,4,0,639.65,9,74.25,0
0,0,0,0,1,1,1,0,0,0,1,1,1,1,0,1415.0,15,100.15,1
0,1,0,0,1,1,2,1,1,1,1,0,0,3,1,5243.05,63,83.0,0
1,0,0,0,1,0,2,0,0,1,1,0,1,3,0,226.2,4,63.75,0
1,0,0,0,1,0,0,2,2,2,2,2,0,2,0,541.5,25,20.6,0
1,0,1,0,1,0,0,2,2,2,2,2,0,1,0,851.2,46,19.6,0
0,1,1,0,1,1,1,0,1,1,1,1,0,1,0,4495.65,44,104.15,0
1,0,0,0,1,0,0,2,2,2,2,2,0,2,0,255.35,12,20.45,0
1,0,0,0,1,0,2,0,0,0,0,0,1,1,0,44.8,1,44.8,0
1,0,0,0,1,0,2,1,0,0,0,0,1,2,0,48.55,1,48.55,0
0,1,0,0,1,1,2,0,0,0,0,1,1,2,0,1174.35,20,61.6,0
0,0,1,1,1,1,1,1,1,1,1,1,0,4,2,8670.1,72,117.5,0
1,0,1,0,0,3,2,0,1,1,1,1,1,1,1,3184.25,53,60.45,0
1,0,1,1,1,0,0,2,2,2,2,2,0,2,2,1054.75,52,19.2,0
1,1,1,0,1,0,1,0,1,0,0,0,1,1,0,140.1,2,74.2,1
1,0,0,0,1,0,1,1,0,1,0,1,1,4,0,4747.5,50,93.5,0
1,0,1,1,1,0,1,0,0,0,0,0,1,1,0,1149.65,17,69.0,0
1,1,1,0,0,3,2,0,0,0,0,0,1,4,0,1459.35,51,29.45,0
1,1,0,0,1,0,1,0,0,0,0,1,1,1,0,1218.25,16,78.75,1
0,0,0,0,1,1,1,0,1,1,0,1,1,3,0,1679.4,18,95.05,1
1,0,1,1,1,1,2,1,1,1,1,1,0,1,1,6300.85,71,85.45,0
1,0,1,1,0,3,2,1,0,0,1,0,0,2,1,2983.65,68,44.8,0
1,1,0,0,1,0,1,0,0,1,0,0,0,1,0,74.7,1,74.7,1
0,0,1,1,1,0,0,2,2,2,2,2,1,2,2,383.65,25,18.7,0
1,1,1,0,1,0,1,0,1,0,1,1,1,1,0,2231.05,24,93.15,1
1,0,0,0,0,3,2,0,1,0,1,1,1,1,0,712.75,14,50.75,1
1,0,0,0,1,0,2,1,1,1,0,0,1,1,2,3175.85,55,59.2,0
0,0,0,0,0,3,2,1,1,0,1,1,0,1,1,1540.2,25,61.05,0
1,0,1,1,1,0,2,0,1,0,1,0,0,2,0,563.5,10,60.2,0
1,0,1,1,1,0,1,0,1,1,1,1,0,4,1,6449.15,61,103.9,0
1,0,0,0,1,0,2,1,0,0,0,1,1,3,0,336.7,6,59.15,0
1,0,0,0,1,0,0,2,2,2,2,2,0,2,2,243.65,13,19.95,0
0,0,0,0,1,0,0,2,2,2,2,2,0,2,0,44.4,2,19.3,0
0,0,1,0,1,0,2,0,0,0,0,0,1,1,0,45.0,1,45.0,1
0,0,0,0,1,0,1,0,0,0,0,0,0,1,0,139.25,2,70.35,1
1,1,0,0,1,1,1,0,0,0,1,1,1,1,0,4718.25,49,96.2,1
0,0,0,0,1,0,2,0,0,0,0,0,1,2,0,45.3,1,45.3,0
1,0,1,0,1,1,1,0,1,1,1,0,0,2,2,3460.95,37,94.3,0
0,0,1,1,1,0,0,2,2,2,2,2,0,3,2,777.35,40,20.15,0
0,1,0,0,1,0,1,0,0,0,1,1,1,1,0,2293.6,23,94.75,1
0,1,0,0,1,1,1,0,1,0,1,1,0,3,1,7238.6,66,108.1,0
1,0,1,1,1,1,1,0,0,0,1,1,1,1,0,1515.1,17,92.55,1
1,1,0,0,1,1,1,0,0,0,0,1,1,1,0,746.5,9,85.05,1
0,1,1,0,1,1,1,0,0,1,1,1,1,1,0,3949.15,39,101.25,1
1,0,0,1,0,3,2,1,1,1,0,0,0,2,2,857.75,23,40.1,0
1,0,0,0,1,0,0,2,2,2,2,2,0,4,1,989.05,50,20.15,0
0,0,0,0,1,0,1,0,0,1,1,1,1,1,0,315.3,3,97.9,1
0,0,0,0,1,0,0,2,2,2,2,2,0,3,1,1336.35,61,19.45,0
0,0,0,0,1,1,1,0,1,0,1,0,1,4,0,2072.75,24,88.95,0
0,0,1,1,1,1,1,0,0,0,1,0,1,1,0,1203.9,14,84.8,1
1,0,1,1,1,1,0,2,2,2,2,2,0,2,2,1345.85,52,25.75,0
0,0,1,0,1,0,1,0,1,0,1,0,1,1,0,1308.4,15,84.3,1
0,0,0,0,1,1,2,1,0,1,0,0,0,1,1,1952.8,33,59.4,0
1,1,1,0,1,1,1,0,1,0,0,1,1,3,0,6382.0,69,95.35,0
0,0,1,1,1,1,2,1,1,1,1,1,0,2,2,5526.75,61,88.1,0
1,0,1,1,1,1,1,1,1,1,1,1,1,3,2,8297.5,71,116.05,0
0,0,0,0,1,1,1,1,1,0,0,0,0,1,0,4921.2,53,90.8,0
0,1,0,0,1,1,2,0,1,0,0,0,0,1,0,2421.75,42,55.65,0
1,0,0,0,1,0,2,1,1,1,1,1,1,4,0,2854.95,36,79.2,0
1,0,0,0,1,0,1,1,1,1,1,1,1,1,0,2686.05,25,105.5,1
0,0,0,0,1,0,0,2,2,2,2,2,1,2,0,137.6,8,20.7,0
0,0,0,0,1,1,1,0,1,0,0,1,1,4,0,1555.65,16,95.6,1
0,0,0,0,1,1,1,0,0,0,1,0,1,3,0,1052.4,12,89.75,1
0,0,1,0,1,1,1,0,1,1,1,1,1,1,0,3046.05,28,104.8,1
1,0,0,0,1,1,1,0,0,0,1,1,1,1,0,701.3,7,94.1,1
1,1,1,0,1,1,1,0,1,1,1,1,1,1,0,3351.55,32,104.9,1
0,0,0,1,1,0,1,0,0,0,0,1,0,1,0,78.65,1,78.65,1
1,0,0,0,0,3,2,1,0,0,0,0,1,1,0,226.45,8,30.45,1
1,0,1,0,1,1,1,0,1,0,1,1,1,1,0,6603.0,63,103.4,0
0,0,0,0,0,3,2,0,0,0,1,0,1,1,0,34.7,1,34.7,1
1,0,1,0,1,1,1,0,1,0,1,1,0,3,1,6157.6,60,102.5,0
0,0,0,0,1,0,1,0,0,0,0,1,1,1,0,1340.1,16,86.25,1
1,1,1,0,1,1,1,1,1,1,0,0,1,1,1,6585.2,71,92.0,0
1,0,1,1,1,0,1,0,1,0,1,0,1,1,1,3355.65,40,85.05,0
0,1,1,0,1,1,1,0,0,1,1,1,0,3,0,1836.25,18,99.75,1
1,0,0,0,1,0,1,0,0,0,0,1,0,2,0,426.35,5,78.75,1
1,0,0,0,1,0,1,0,1,0,0,0,1,4,0,2576.8,33,79.0,0
0,0,1,1,1,0,0,2,2,2,2,2,1,3,2,246.7,13,19.75,0
0,0,0,0,1,0,2,0,1,0,0,0,1,2,1,2023.55,40,50.25,0
1,1,0,0,1,1,1,1,1,1,1,1,1,4,2,7839.85,67,116.1,0
0,0,0,0,1,0,2,1,0,0,0,0,1,1,0,762.25,16,50.15,0
1,0,1,0,1,0,2,1,1,0,1,0,0,4,1,3958.2,59,66.4,0
1,1,0,0,1,0,1,0,0,0,0,0,1,4,0,562.7,8,69.95,1
1,0,1,1,1,1,0,2,2,2,2,2,1,3,2,587.4,24,24.1,0
1,0,1,1,1,0,0,2,2,2,2,2,0,2,0,144.35,7,20.25,0
1,0,1,1,1,1,0,2,2,2,2,2,0,4,2,1734.65,72,24.1,0
0,0,0,0,1,0,1,0,1,0,1,0,1,4,0,3973.2,44,88.15,0
0,1,1,0,1,1,1,0,0,0,0,0,1,3,0,2869.85,38,74.95,0
1,0,0,0,1,0,2,0,0,0,0,1,1,1,0,238.5,4,55.9,1
1,0,0,0,1,0,2,1,1,0,0,0,0,1,0,119.5,2,53.45,0
0,0,1,0,0,3,2,1,1,1,0,1,1,3,2,3370.2,70,49.85,0
0,0,0,0,1,1,1,1,0,0,0,1,1,1,0,2989.6,33,90.65,0
0,0,0,0,0,3,2,0,0,0,0,0,1,2,0,24.9,1,24.9,1
1,0,0,0,0,3,2,0,1,1,0,0,0,2,1,1309.15,39,35.55,0
1,1,0,0,1,1,1,1,1,1,1,1,1,1,0,6382.55,55,116.5,0
1,0,1,1,1,0,2,0,1,1,1,0,1,1,1,3482.85,52,68.75,0
0,0,1,1,0,3,2,0,0,1,1,1,0,4,0,1561.5,30,51.2,0
1,1,1,0,1,1,1,0,0,1,1,1,1,1,0,6017.9,60,99.0,0
1,0,1,1,1,1,2,0,1,0,0,0,0,3,1,2614.1,50,54.9,0
0,0,0,0,1,1,1,1,1,1,1,1,1,3,1,3608.0,32,109.55,0
1,0,1,0,1,1,1,0,1,0,1,1,1,3,1,5498.8,51,106.8,0
1,0,0,0,1,0,1,0,0,1,0,0,1,2,0,74.3,1,74.3,1
0,0,1,1,1,1,0,2,2,2,2,2,1,3,2,1673.4,69,25.6,0
0,0,1,1,1,1,1,0,0,0,1,1,1,1,0,4186.3,42,94.2,1
1,0,1,0,0,3,2,0,0,0,1,1,0,1,0,667.7,14,46.35,1
1,0,0,1,1,1,0,2,2,2,2,2,0,4,2,1334.5,52,25.6,0
1,0,1,0,1,1,1,0,1,1,1,1,1,3,2,6912.7,62,107.6,0
0,0,1,1,1,0,0,2,2,2,2,2,0,3,2,1463.45,72,19.55,0
1,0,0,0,1,0,1,0,0,1,1,1,1,1,0,3183.4,32,96.2,0
0,1,0,0,1,0,1,0,0,0,0,0,1,1,0,69.65,1,69.65,1
0,1,1,0,1,1,1,1,0,0,0,0,0,3,2,5602.25,72,78.5,0
0,1,0,0,1,0,2,0,0,0,0,0,0,2,0,45.1,1,45.1,0
0,0,0,0,1,1,0,2,2,2,2,2,1,2,0,25.75,1,25.75,0
1,0,0,0,1,1,1,0,1,0,1,1,0,2,0,541.9,5,104.1,1
1,0,0,0,1,1,1,0,1,0,1,1,1,3,2,6536.5,63,104.75,0
1,0,1,1,1,0,2,1,1,0,1,1,0,4,2,5398.6,67,81.35,0
0,0,1,1,1,1,1,0,1,0,1,0,1,4,0,3915.4,40,96.35,0
1,0,0,0,1,1,1,1,0,1,0,1,0,1,1,6069.25,65,93.55,0
0,0,1,1,1,0,0,2,2,2,2,2,0,2,2,301.55,16,19.7,0
0,1,0,0,1,1,2,0,1,1,0,1,1,4,1,3255.35,46,69.1,0
1,0,0,0,0,3,2,0,0,1,0,0,1,1,0,425.1,11,35.65,1
0,0,1,0,1,0,1,0,1,0,1,1,0,1,0,5025.0,49,99.4,0
0,0,1,0,0,3,2,1,1,0,1,1,1,1,1,3723.65,68,54.4,0
0,0,0,0,1,0,0,2,2,2,2,2,1,2,1,185.2,10,19.3,0
0,1,0,0,1,0,1,0,0,0,1,0,1,3,0,163.7,2,83.8,1
0,0,1,0,1,0,1,0,0,0,0,0,1,1,0,351.5,5,68.95,1
1,0,0,1,1,0,2,1,0,1,0,0,0,4,1,3419.5,53,62.85,0
1,1,1,0,1,1,1,0,1,1,1,1,1,1,2,6077.75,54,110.45,0
0,0,0,0,1,0,2,0,0,0,0,0,1,2,0,196.95,4,45.3,0
1,1,0,0,1,1,1,0,0,0,0,0,0,1,0,1146.65,15,75.65,1
1,0,0,0,1,0,0,2,2,2,2,2,1,2,0,193.05,10,19.85,0
0,0,0,0,1,0,2,0,0,0,0,1,1,1,0,196.15,3,55.3,1
0,0,1,0,1,1,0,2,2,2,2,2,0,3,2,1836.9,71,24.75,0
1,0,1,0,1,0,2,0,1,0,0,0,1,2,0,445.85,8,54.75,0
1,1,0,0,1,1,1,0,0,0,1,1,1,1,0,94.0,1,94.0,1
0,0,1,1,1,1,1,1,0,1,1,1,0,3,2,6997.3,64,110.3,0
1,0,0,0,1,0,0,2,2,2,2,2,0,4,2,1094.35,57,18.8,0
0,1,1,0,1,1,1,0,1,0,1,1,1,1,0,100.8,1,100.8,1
0,1,1,0,1,0,2,0,0,0,0,1,1,1,0,1259.35,20,60.0,0
0,1,0,0,1,1,2,0,0,1,0,1,1,1,0,1652.4,26,66.05,0
0,1,0,0,1,0,1,0,0,0,0,1,1,3,0,159.4,2,79.75,1
1,0,1,1,1,0,1,1,1,0,0,1,0,2,1,3131.55,32,94.8,0
0,0,0,0,1,1,0,2,2,2,2,2,0,2,0,134.75,5,25.45,0
0,0,0,0,1,1,1,1,1,0,1,1,1,2,2,7737.55,70,111.15,0
1,0,0,0,1,0,2,0,1,1,0,0,1,1,0,1715.65,31,55.25,0
0,0,0,0,1,0,2,0,0,1,1,0,1,2,0,415.95,7,59.5,0
1,0,0,0,0,3,2,0,0,0,0,0,0,2,0,25.35,1,25.35,1
1,1,0,0,1,1,1,0,1,0,1,1,1,1,0,1842.8,20,98.55,1
1,0,0,0,1,0,2,1,1,0,0,0,0,2,1,2021.2,35,61.2,0
1,0,0,0,1,0,2,0,1,0,1,0,0,2,0,414.1,6,60.9,0
0,0,1,1,1,1,2,1,0,1,1,0,0,2,2,5430.65,72,74.55,0
0,0,0,0,1,0,0,2,2,2,2,2,0,1,1,244.8,13,19.65,0
0,1,0,0,1,1,2,0,0,0,0,0,0,2,0,179.85,4,48.75,0
1,0,1,1,1,0,0,2,2,2,2,2,1,2,2,1177.05,63,19.15,0
1,0,1,0,1,0,2,1,1,1,1,1,1,2,2,5878.9,69,84.7,0
0,0,0,0,0,3,2,1,0,1,0,0,0,2,0,139.35,3,34.25,0
0,1,1,0,1,1,1,1,0,0,0,0,1,4,2,5676.0,71,80.7,0
1,0,1,0,1,0,0,2,2,2,2,2,1,4,0,340.85,15,19.45,0
0,0,1,1,1,0,0,2,2,2,2,2,0,2,2,599.25,30,19.7,0
0,0,0,0,1,0,1,0,1,1,0,0,0,3,0,2032.3,23,83.2,0
1,1,1,0,1,0,0,2,2,2,2,2,0,4,1,183.15,9,19.85,0
1,0,0,0,1,0,0,2,2,2,2,2,1,2,1,638.0,35,19.15,0
0,0,1,1,1,0,2,0,0,0,1,0,0,1,0,355.1,6,54.85,0
0,0,0,0,1,1,1,0,0,0,0,0,1,2,0,75.05,1,75.05,1
0,0,1,1,1,1,0,2,2,2,2,2,0,3,2,1857.85,72,25.1,0
1,0,1,1,1,0,2,1,1,1,1,1,1,2,2,3858.05,45,84.35,0
1,0,1,1,1,0,1,0,0,1,1,0,1,1,0,608.8,7,89.75,1
1,0,0,0,0,3,2,1,1,1,0,1,0,3,2,3442.8,70,48.4,0
1,0,1,0,1,0,0,2,2,2,2,2,0,4,2,1110.05,53,19.9,0
1,0,0,0,1,1,2,0,0,0,0,0,0,4,0,201.1,4,51.75,0
0,0,1,0,1,1,2,1,1,1,1,1,1,1,2,6786.1,72,92.4,0
1,0,1,1,0,3,2,1,1,1,0,0,0,4,2,3139.8,72,45.25,0
1,1,1,0,1,1,1,0,0,0,1,1,1,1,0,1563.9,17,94.8,1
0,0,0,0,1,0,1,0,0,0,0,0,1,3,0,515.45,7,69.85,1
0,0,0,1,1,0,0,2,2,2,2,2,0,4,0,221.35,11,20.1,0
0,0,0,0,1,1,1,0,0,0,0,0,0,4,0,147.15,2,74.9,1
0,0,0,0,1,0,1,1,1,1,1,1,1,1,2,7624.2,72,109.9,0
1,0,0,1,1,1,1,0,1,0,0,0,1,2,0,851.8,11,78.0,1
1,1,0,0,1,0,1,0,0,0,1,1,1,1,0,449.75,5,91.4,1
1,1,1,0,1,1,1,0,0,0,0,0,0,1,0,308.7,4,74.95,1
1,0,1,0,1,0,2,0,1,0,0,0,1,2,0,1474.9,30,50.0,0
0,0,1,1,1,0,0,2,2,2,2,2,0,4,2,202.3,11,20.9,0
1,0,1,0,0,3,2,0,0,0,1,1,1,2,0,836.35,17,49.8,1
0,1,0,0,0,3,2,0,1,0,1,1,1,1,0,1765.95,34,56.25,1
0,1,0,0,0,3,2,0,1,0,0,0,1,1,0,78.65,2,30.4,1
1,0,0,1,1,0,0,2,2,2,2,2,0,3,1,1001.5,55,19.1,0
0,1,0,0,1,0,2,1,0,1,0,0,0,4,0,287.85,5,59.9,0
0,0,1,1,1,0,0,2,2,2,2,2,1,2,1,196.35,11,20.0,0
0,0,0,1,1,0,1,0,0,0,0,1,1,1,0,79.6,1,79.6,1
0,0,1,0,1,0,0,2,2,2,2,2,0,3,2,1303.5,70,19.45,0
1,1,0,0,1,1,1,0,0,0,0,0,1,2,0,156.4,2,74.85,1
0,0,0,0,1,1,1,0,0,0,0,0,1,1,0,511.25,7,73.85,1
1,0,0,0,1,0,0,2,2,2,2,2,1,2,2,684.4,35,20.2,0
0,0,0,0,1,1,2,1,1,1,0,0,1,4,1,4299.2,58,71.1,0
0,0,1,1,1,1,1,0,1,1,1,1,1,3,2,7711.45,72,109.2,0
1,0,1,1,1,0,2,1,1,1,0,0,0,4,2,4375.8,68,62.65,0
1,0,0,0,1,0,2,0,0,1,1,0,0,4,1,1507.0,26,59.45,0
0,0,0,0,1,0,2,0,0,0,0,0,1,1,0,523.1,12,45.05,0
1,0,1,1,1,1,2,0,0,0,1,0,0,1,0,1404.65,25,60.35,0
1,1,1,1,1,1,1,1,1,1,1,1,1,3,2,8196.4,72,114.95,0
1,0,0,1,1,1,1,1,1,1,1,1,1,1,2,7882.5,70,114.6,0
1,1,0,1,1,0,2,0,1,0,0,0,1,2,0,50.15,1,50.15,0
1,0,0,0,1,1,1,1,0,0,0,0,1,4,0,2208.75,26,86.65,0
0,0,1,1,1,0,2,0,0,0,1,1,0,2,0,134.35,2,65.7,0
0,0,1,1,1,0,0,2,2,2,2,2,0,2,1,543.0,28,19.9,0
0,0,1,1,1,0,0,2,2,2,2,2,0,2,0,119.3,6,19.85,0
0,0,1,1,0,3,2,1,1,1,1,1,0,2,2,3624.35,58,59.75,0
0,1,1,0,0,3,2,1,1,0,0,1,1,1,0,1228.65,29,45.0,0
1,0,0,0,1,1,2,0,1,0,0,1,1,3,0,1212.1,16,71.4,0
1,1,1,0,1,1,1,0,0,0,1,1,1,1,0,4388.4,43,101.0,1
1,0,1,0,1,0,2,1,0,0,1,1,1,2,1,3865.45,52,75.4,0
0,0,1,1,1,1,1,1,1,1,1,1,1,3,2,8672.45,72,118.75,0
1,0,1,1,1,0,0,2,2,2,2,2,0,2,2,1378.45,71,19.45,0
1,0,1,0,1,0,0,2,2,2,2,2,1,4,2,1414.45,65,20.4,0
0,0,0,0,1,1,1,0,0,0,0,1,1,1,0,3906.7,49,84.5,0
1,0,0,0,1,0,1,0,1,0,0,1,1,4,0,4331.4,52,83.8,0
1,0,0,0,1,0,0,2,2,2,2,2,0,2,0,33.2,2,20.35,0
1,0,1,1,1,0,1,1,1,1,1,1,0,4,2,7782.85,71,109.3,0
1,0,0,0,1,1,1,0,1,0,0,1,0,4,0,4869.5,54,89.4,0
0,0,1,1,1,0,2,0,1,1,1,1,0,3,0,1155.6,15,76.5,0
1,0,0,0,0,3,2,0,0,0,0,0,1,2,0,190.1,9,24.6,1
1,1,1,0,1,1,1,1,1,0,1,1,1,4,2,5163.3,50,105.05,0
1,0,1,1,1,1,1,0,0,0,0,1,1,1,0,1465.75,19,83.65,1
0,1,1,0,1,1,1,0,0,1,1,1,1,3,2,7349.35,70,104.45,0
0,1,1,0,1,1,1,1,0,0,1,1,1,3,1,7677.4,72,106.85,0
1,1,1,0,1,1,1,0,1,0,1,1,1,3,1,5376.4,52,105.1,0
0,0,1,1,1,0,2,0,0,0,0,0,0,1,0,639.45,15,46.3,0
0,0,1,1,1,1,2,0,1,0,1,1,1,3,2,5468.45,72,76.8,0
1,1,0,0,1,1,1,0,0,0,0,0,1,1,0,233.7,3,81.35,1
1,0,0,0,1,0,1,1,0,0,1,1,0,3,1,5720.95,58,99.15,0
0,0,0,0,1,0,0,2,2,2,2,2,1,2,0,20.35,1,20.35,0
1,0,1,0,1,1,1,0,0,1,0,1,1,3,0,3161.2,35,89.85,0
0,0,1,1,1,1,1,0,0,0,1,0,1,3,0,4116.15,50,84.4,0
1,0,1,0,1,0,0,2,2,2,2,2,1,1,2,899.45,41,19.75,0
1,0,1,1,1,1,2,1,1,0,0,0,0,4,2,4720.0,72,64.45,0
0,0,0,0,1,1,2,0,1,0,1,0,1,4,1,2038.7,30,68.95,0
0,0,1,1,0,3,2,0,0,0,0,0,1,2,0,36.55,2,24.4,1
1,0,0,0,0,3,2,0,0,1,0,0,1,1,0,438.25,15,29.7,0
1,0,1,1,1,0,2,1,1,1,0,0,1,2,1,2203.1,37,58.75,0
1,0,1,1,1,0,2,0,1,0,1,1,1,3,2,5480.25,72,75.4,0
1,0,1,1,1,1,0,2,2,2,2,2,0,3,2,1738.9,72,25.0,0
1,0,1,0,1,1,1,1,1,1,1,1,0,4,2,8244.3,70,114.3,0
0,0,0,0,1,0,0,2,2,2,2,2,0,2,0,19.65,1,19.65,0
1,0,1,0,1,1,1,0,1,0,0,0,0,1,0,1968.1,23,84.25,0
0,0,0,0,1,1,1,0,0,0,0,0,1,4,0,548.9,8,74.6,1
1,0,0,0,1,0,2,0,0,0,0,0,1,4,0,84.5,2,46.0,0
0,0,1,1,0,3,2,1,0,1,0,0,0,4,0,1025.15,26,38.85,0
1,0,0,1,1,0,0,2,2,2,2,2,0,4,1,928.4,52,19.65,0
0,0,1,1,0,3,2,1,0,1,0,0,0,2,2,813.45,23,34.6,0
0,0,0,0,1,0,1,1,0,0,1,1,1,4,0,1426.4,15,99.1,1
1,0,1,0,1,0,2,0,0,0,0,0,1,2,0,2058.5,40,50.15,0
1,0,0,0,1,1,2,0,1,1,0,0,0,1,0,1611.65,27,59.45,0
0,0,1,0,1,0,0,2,2,2,2,2,0,3,0,805.2,37,19.5,0
1,0,0,0,1,0,1,1,1,1,1,1,0,4,1,5031.85,45,112.2,0
0,0,1,0,1,0,1,0,0,0,0,0,0,1,0,330.15,5,69.95,1
0,0,1,0,1,1,0,2,2,2,2,2,0,2,2,1672.1,71,23.85,0
1,0,0,0,1,0,2,0,0,0,0,1,0,1,0,195.3,4,54.3,0
0,0,1,1,1,0,0,2,2,2,2,2,1,2,2,746.05,38,20.2,0
1,0,0,1,1,0,2,1,1,0,0,0,0,2,0,157.55,3,55.9,0
1,0,0,0,1,0,0,2,2,2,2,2,0,2,2,343.45,17,19.15,0
1,0,1,1,1,1,2,1,1,1,1,1,1,4,2,6237.05,70,90.15,0
1,0,0,0,1,0,2,0,0,0,0,0,1,2,0,44.9,1,44.9,0
0,0,1,1,1,1,1,1,1,0,1,0,0,3,2,7030.65,71,100.5,0
1,0,0,0,1,1,1,1,0,0,1,0,1,1,0,3369.25,37,91.15,0
1,0,1,0,1,1,2,0,0,1,0,1,1,2,1,4480.7,64,70.15,0
0,1,1,0,1,0,1,0,1,1,1,0,0,1,0,3371.75,37,90.0,0
1,0,1,1,1,1,1,1,1,1,1,1,0,3,2,6937.95,65,108.65,0
0,0,0,1,1,0,2,0,0,1,0,0,1,1,1,1119.35,23,49.45,0
0,0,1,0,1,1,2,1,0,1,1,1,1,1,0,1742.75,22,79.2,0
0,1,1,0,1,0,2,0,1,0,0,1,0,2,1,1597.4,26,60.7,0
0,0,0,0,1,0,1,1,0,0,0,0,1,3,0,2015.35,25,79.85,0
0,0,1,0,1,0,1,1,0,1,1,1,1,1,2,5611.75,60,97.2,0
0,0,0,0,1,0,1,1,0,0,1,1,1,1,0,95.6,1,95.6,1
0,0,1,0,1,1,2,1,1,1,1,1,0,4,2,6388.65,71,89.3,0
0,1,0,0,1,1,1,0,0,0,0,1,1,1,0,2287.25,27,85.25,1
0,0,0,0,1,0,1,0,0,0,1,1,1,1,0,240.45,3,89.45,1
1,0,1,1,1,1,1,0,0,1,1,0,1,4,1,5430.35,58,94.7,0
0,0,0,0,1,0,1,0,1,0,0,0,0,1,0,1025.95,14,75.35,0
1,0,1,1,1,0,2,1,1,1,0,1,1,4,2,4973.4,71,70.85,0
0,0,1,1,0,3,2,0,0,1,0,0,0,3,0,44.75,2,29.05,0
0,0,0,0,1,0,0,2,2,2,2,2,1,3,2,827.3,40,20.6,0
1,0,1,1,1,1,0,2,2,2,2,2,0,3,2,1620.2,68,25.4,0
0,1,0,0,1,1,1,1,1,1,0,1,0,4,2,5779.6,57,101.3,0
0,0,0,0,1,1,1,0,1,1,0,0,1,1,0,3941.7,45,87.25,0
1,0,1,1,1,1,1,1,1,1,1,1,1,4,2,8152.3,70,116.55,0
1,0,1,0,1,1,1,1,0,1,1,1,1,1,0,7320.9,68,107.7,0
0,0,1,0,1,1,1,0,0,1,1,1,1,4,0,5138.1,52,102.7,0
0,0,1,0,1,1,1,1,1,1,1,1,0,1,2,8349.7,72,115.15,0
1,1,0,0,1,1,1,0,0,0,0,0,1,1,0,1712.7,24,76.1,1
1,0,1,1,1,0,2,1,1,1,0,0,1,3,2,3953.7,67,60.4,0
0,0,0,0,0,3,2,1,1,1,1,1,0,4,2,4539.6,68,64.35,0
1,0,1,1,1,0,0,2,2,2,2,2,0,4,2,426.65,23,19.6,0
1,0,1,0,0,3,2,0,0,0,1,1,0,1,2,3515.25,71,49.35,0
0,0,0,0,0,3,2,0,0,0,0,0,0,2,0,24.4,1,24.4,1
0,0,1,1,1,0,0,2,2,2,2,2,0,3,2,1500.95,71,20.5,0
1,1,1,0,1,1,1,1,1,1,1,1,1,2,1,7610.1,69,110.55,0
0,1,1,0,1,0,1,0,0,1,1,1,1,4,1,4062.2,40,99.2,0
0,1,0,0,1,0,1,0,1,0,0,1,1,1,0,1443.65,18,84.95,1
1,0,0,0,1,1,1,0,0,0,1,1,1,4,0,2104.55,22,94.65,1
1,0,1,1,0,3,2,1,1,1,0,0,0,2,2,2779.5,69,39.1,0
0,1,0,0,1,1,1,0,0,0,1,0,0,1,1,4959.15,62,84.45,0
0,0,0,0,1,0,0,2,2,2,2,2,0,3,2,1051.9,56,19.7,0
0,0,0,0,1,0,0,2,2,2,2,2,0,2,1,173.15,7,19.9,0
1,0,0,0,1,0,0,2,2,2,2,2,0,2,0,18.9,1,18.9,0
1,0,1,1,1,0,0,2,2,2,2,2,0,2,0,122.9,6,19.55,0
1,0,0,0,1,1,1,0,0,0,1,0,1,1,0,181.5,2,85.65,1
1,1,1,0,1,0,2,1,0,0,0,0,1,3,0,825.1,16,54.55,0
1,0,0,0,1,0,0,2,2,2,2,2,0,2,0,51.6,2,19.85,0
0,0,1,0,1,1,2,1,0,1,1,1,1,3,2,6058.95,72,86.4,0
0,0,1,1,0,3,2,1,0,1,0,0,0,2,0,246.6,7,34.65,0
0,0,1,1,0,3,2,0,0,0,0,0,1,2,0,434.8,19,24.85,0
0,0,1,0,1,0,1,0,0,0,0,1,1,1,0,1122.4,14,78.1,1
1,0,0,0,1,1,1,0,0,1,1,1,1,4,1,6903.1,64,105.65,0
0,0,0,0,1,1,2,1,1,1,1,0,1,3,0,1837.9,25,78.35,0
1,0,1,1,1,1,2,0,1,1,1,1,1,4,2,5931.75,70,85.95,0
1,0,0,0,1,0,0,2,2,2,2,2,0,3,2,1240.8,66,19.35,0
1,0,0,1,1,0,1,0,0,0,0,0,1,1,0,71.65,1,71.65,1
0,0,1,0,1,1,1,0,0,1,0,1,1,1,1,4862.5,53,91.15,0
0,0,0,0,1,0,2,1,0,0,0,0,0,1,0,389.1,6,56.25,0
0,0,0,0,1,0,1,0,1,0,1,1,0,1,2,5655.45,59,95.8,0
1,0,0,0,1,0,1,0,0,1,0,0,1,1,0,2435.15,31,78.45,0
1,0,0,0,1,1,1,0,0,0,0,0,1,1,0,229.55,3,74.4,1
0,0,0,1,1,0,1,0,0,0,0,0,0,3,0,994.8,15,69.0,0
1,0,0,0,1,1,1,0,1,0,1,1,1,4,1,5082.8,48,106.1,0
1,0,1,1,1,1,2,1,0,0,0,0,0,2,0,113.55,2,56.7,0
1,1,1,0,1,1,1,0,1,0,1,1,1,1,0,7101.5,70,102.95,0
0,0,0,0,1,1,1,0,1,0,1,0,1,1,0,193.6,2,91.4,1
1,0,1,0,1,1,1,1,1,1,1,1,1,4,1,5275.8,47,110.85,0
0,0,0,1,1,0,0,2,2,2,2,2,0,3,1,531.55,24,21.05,0
1,0,1,0,1,0,1,0,1,0,1,1,1,1,1,2939.8,31,93.8,0
0,0,0,0,1,1,1,0,1,1,1,1,0,1,0,6014.85,54,111.1,0
1,0,0,0,1,0,2,0,1,1,0,0,0,2,0,55.05,1,55.05,0
0,0,1,1,0,3,2,1,0,1,0,0,0,4,1,444.75,12,33.15,0
0,0,0,0,1,0,0,2,2,2,2,2,0,3,0,53.15,2,18.75,0
1,0,1,0,1,1,2,0,1,0,0,1,1,4,1,3420.5,48,70.55,0
0,1,1,0,1,1,1,0,0,0,0,0,1,1,0,74.45,1,74.45,1
1,0,1,0,1,1,2,1,0,1,0,0,0,3,2,4681.75,71,65.15,0
1,0,0,0,1,0,0,2,2,2,2,2,1,1,0,19.85,1,19.85,0
1,0,0,1,1,1,0,2,2,2,2,2,1,2,2,1424.2,56,24.8,0
1,0,0,0,1,0,0,2,2,2,2,2,0,2,0,33.7,2,20.05,0
0,1,1,0,1,1,2,0,1,0,1,1,1,3,2,5265.1,66,80.55,0
1,0,1,1,1,0,0,2,2,2,2,2,1,2,1,938.95,50,20.35,0
0,1,0,0,1,1,1,0,1,0,0,1,1,3,0,5538.8,63,89.6,0
1,0,0,0,1,0,2,0,0,0,0,0,1,2,0,45.05,1,45.05,0
0,0,0,0,0,3,2,0,0,1,1,1,1,2,1,255.6,6,49.25,0
0,0,0,0,1,0,2,0,0,0,0,0,0,3,0,244.75,5,50.55,0
0,0,1,1,1,1,2,1,1,1,1,0,0,1,0,2568.55,35,72.25,0
0,0,0,0,1,1,1,1,1,1,1,1,1,1,2,8477.6,71,118.65,0
0,0,0,0,1,0,2,0,1,1,0,1,0,4,2,2762.75,42,66.5,0
0,0,1,0,1,0,0,2,2,2,2,2,0,4,2,1208.6,64,19.45,0
1,0,0,0,1,0,2,1,0,0,0,0,1,4,0,49.8,1,49.8,0
1,0,0,0,1,0,1,0,0,0,0,0,1,1,0,69.85,1,69.85,1
1,0,1,0,1,1,1,1,1,1,0,1,1,4,1,7317.1,69,107.2,0
1,0,1,0,1,1,1,0,1,0,0,1,1,1,0,3092.0,33,93.35,1
0,0,1,1,1,0,0,2,2,2,2,2,0,1,0,417.65,20,20.0,0
1,0,1,1,1,1,0,2,2,2,2,2,0,3,1,343.6,13,24.5,0
0,0,0,0,1,0,2,1,0,0,0,0,0,1,0,1522.65,28,56.05,0
0,0,1,1,1,1,2,1,1,1,0,1,0,3,2,5824.75,72,80.85,0
1,0,0,0,1,0,1,0,0,0,0,0,1,1,0,597.9,9,70.5,1
0,0,0,0,1,1,1,0,1,1,1,1,1,4,2,7853.7,72,107.5,0
0,1,0,0,1,1,2,1,1,0,0,0,0,3,2,3103.25,52,59.85,0
0,0,1,0,1,1,2,1,0,1,0,0,1,3,0,2003.6,34,60.85,0
1,0,1,1,1,0,1,1,1,1,1,0,0,4,2,7209.0,71,100.2,0
0,0,0,0,1,0,0,2,2,2,2,2,0,4,2,116.85,6,19.65,0
0,0,1,0,1,0,2,1,0,1,0,1,1,1,1,1910.75,31,64.0,0
0,1,1,0,1,1,1,0,0,0,1,0,1,1,0,90.6,1,90.6,1
0,0,1,1,1,1,0,2,2,2,2,2,0,2,2,1211.65,49,25.25,0
0,0,0,0,1,0,0,2,2,2,2,2,1,3,2,538.2,27,20.25,0
0,0,1,0,1,0,1,0,0,1,1,1,1,1,1,4872.2,53,93.45,0
0,1,1,0,1,1,1,1,0,1,1,0,1,3,0,3653.35,35,100.5,0
1,0,0,0,1,0,1,0,0,0,1,1,0,1,0,167.3,2,95.65,1
0,0,1,0,0,3,2,0,0,0,1,1,1,1,0,2007.85,46,43.95,0
0,0,0,0,1,0,0,2,2,2,2,2,0,3,0,617.65,35,19.25,0
1,0,0,0,1,0,1,0,1,0,0,0,1,1,0,704.3,9,73.8,1
1,0,0,0,1,1,1,0,1,0,1,1,1,3,2,6692.65,64,104.4,0
0,0,0,0,1,0,1,0,1,0,0,0,1,1,0,1111.65,13,79.25,1
0,0,0,0,1,0,1,0,1,0,0,0,1,1,0,4509.5,55,81.55,0
0,0,1,1,1,1,1,1,0,0,0,1,1,1,0,4539.35,51,93.8,0
0,0,1,1,1,1,0,2,2,2,2,2,1,2,0,132.25,5,24.3,0
1,0,1,1,1,0,1,0,0,0,0,0,1,1,0,1470.95,20,70.45,0
0,0,1,1,1,1,0,2,2,2,2,2,1,4,2,514.75,23,25.6,0
1,1,1,1,1,1,1,0,0,0,1,1,0,1,1,5969.3,61,99.0,0
0,0,1,1,1,0,2,1,1,1,0,1,0,3,2,3871.85,54,69.95,0
1,0,0,0,1,1,1,0,0,0,0,0,1,2,0,1130.85,15,76.0,1
0,0,1,1,1,1,0,2,2,2,2,2,0,2,1,1595.5,64,24.9,0
0,0,0,1,1,1,2,1,0,0,0,1,0,1,0,1166.7,18,64.8,0
1,0,0,0,1,1,1,0,1,0,1,1,1,1,0,5364.8,52,103.05,0
1,0,0,0,1,0,0,2,2,2,2,2,1,2,1,279.5,17,20.1,0
0,0,1,1,1,0,0,2,2,2,2,2,0,2,2,550.1,27,19.9,0
0,0,1,0,1,1,1,1,1,0,1,1,1,4,1,6526.65,58,110.65,0
0,0,1,1,1,1,1,1,1,1,1,1,1,3,2,7508.55,68,109.05,0
1,0,0,0,1,0,0,2,2,2,2,2,0,1,0,19.2,1,19.2,0
0,0,1,0,1,1,2,1,0,1,0,0,1,4,1,3462.1,55,66.05,0
0,0,0,0,1,0,2,0,0,0,0,0,0,2,0,45.3,1,45.3,0
0,0,1,0,1,1,2,1,1,1,1,1,1,4,2,6096.45,72,84.4,0
0,0,0,0,0,3,2,0,0,0,1,1,0,4,0,298.7,6,45.0,1
0,0,1,0,1,1,1,0,0,0,1,1,1,1,0,5985.75,60,99.8,0
1,0,1,1,1,1,1,1,0,0,1,1,1,1,1,6547.7,61,106.0,0
0,0,0,0,1,0,0,2,2,2,2,2,0,2,0,38.7,2,20.65,0
1,0,0,0,1,1,2,1,1,1,0,0,0,1,1,4576.3,63,71.5,0
0,0,0,0,1,0,1,0,0,0,1,0,1,1,0,1329.15,17,83.55,1
1,1,1,0,1,1,1,0,1,0,1,1,1,1,0,5812.6,58,98.7,0
0,0,0,1,1,1,2,0,0,0,0,0,1,2,0,1265.65,26,49.5,0
0,0,1,1,0,3,2,1,1,0,0,1,1,3,0,2495.2,53,48.7,0
0,0,0,0,1,0,0,2,2,2,2,2,1,4,0,532.1,25,19.2,0
0,0,0,0,1,0,1,0,1,0,0,0,1,1,0,82.3,1,82.3,1
0,0,1,1,1,0,0,2,2,2,2,2,1,4,2,490.65,24,21.1,0
0,0,1,0,1,0,2,0,1,0,1,1,0,4,0,147.8,2,69.0,0
1,0,0,0,1,0,0,2,2,2,2,2,0,2,0,19.55,1,19.55,0
0,0,1,0,1,1,2,1,1,0,0,1,0,2,1,5064.45,67,75.1,0
1,0,1,0,0,3,2,0,1,1,1,1,0,1,1,934.8,17,54.6,0
1,0,0,0,1,0,1,0,0,0,0,0,0,1,0,760.05,11,70.2,0
1,0,0,0,1,1,0,2,2,2,2,2,0,2,2,1234.6,51,24.75,0
0,0,0,0,1,0,1,0,0,0,0,0,1,1,0,199.85,3,69.85,1
0,1,0,0,1,0,1,0,0,0,1,0,1,1,0,79.2,1,79.2,1
0,0,0,1,1,0,1,0,0,0,0,0,1,1,0,69.65,1,69.65,1
0,1,1,0,1,1,2,1,1,0,1,1,1,4,2,6129.65,72,84.1,0
1,0,0,0,1,0,2,0,0,1,0,1,1,3,1,1231.85,19,65.35,0
1,0,0,0,1,1,0,2,2,2,2,2,0,2,2,1654.75,65,25.75,0
0,0,0,0,1,0,1,1,0,0,1,1,1,1,1,4483.95,45,100.3,0
1,0,1,0,1,1,1,1,0,0,0,1,1,1,0,413.25,5,89.15,1
0,0,0,0,0,3,2,0,0,0,1,1,1,4,0,2564.95,56,44.85,0
0,1,0,0,1,1,1,0,0,0,0,0,1,1,0,294.45,4,74.45,1
0,0,0,0,1,1,2,1,1,1,1,1,1,4,2,5442.05,64,86.4,0
0,0,1,1,1,0,0,2,2,2,2,2,0,3,2,804.25,41,19.7,0
0,0,0,0,1,0,2,1,1,0,0,0,0,1,0,1982.6,35,60.55,0
0,0,0,0,0,3,2,0,0,0,0,0,0,2,0,25.2,1,25.2,1
0,1,0,0,1,1,1,0,0,0,0,0,1,1,0,205.05,3,79.4,1
1,1,1,0,1,1,0,2,2,2,2,2,0,3,2,1501.75,61,25.0,0
1,1,0,0,1,1,1,0,0,0,0,0,1,1,0,73.65,1,73.65,1
0,0,0,1,1,0,2,1,0,0,0,0,0,4,1,2016.45,35,55.6,0
0,0,1,1,1,1,1,1,1,1,1,1,0,4,2,7895.15,69,113.25,0
0,0,1,0,1,0,2,0,1,1,0,1,1,2,2,4378.8,64,68.3,0
1,0,1,1,1,1,1,1,0,1,1,1,0,4,1,5686.4,51,110.05,0
1,0,1,1,1,0,0,2,2,2,2,2,0,3,1,329.75,17,19.9,0
0,0,1,1,0,3,2,1,1,0,0,1,1,4,2,2960.1,69,43.95,0
1,0,0,1,0,3,2,0,0,0,0,0,1,2,0,31.35,1,31.35,1
